word1;word2
АКТИВИРОВАТЬСЯ;ПОТЕНЦИАЛ
АНАЛИЗИРОВАТЬСЯ;НЕДОВОЛЬСТВО
АФФИЛИРОВАТЬ;КАПИТУЛ
АФФИЛИРОВАТЬ;КЛУБ
АФФИЛИРОВАТЬ;МЕНЯ
АФФИЛИРОВАТЬ;НАЗВАНИЕ
АФФИЛИРОВАТЬ;НАС
АФФИЛИРОВАТЬ;ПРАВИТЕЛЬСТВО
АФФИЛИРОВАТЬ;СЕСТРА
АФФИЛИРОВАТЬ;УК
АФФИЛИРОВАТЬ;ЯЩИК
БЕГАТЬ;КРОСС
БЕЖАТЬ;ЭТАП
БЕСИТЬ;МЕНЯ
БИТЬ;РЕКОРД
БИТЬ;ТРЕВОГА
БЛИЗИТЬСЯ;ВОЛГА
БЛИЗИТЬСЯ;ЗАДЕРЖКА
БЛИЗИТЬСЯ;ПОКРЫВАЛО
БЛИЗИТЬСЯ;СКАНДАЛ
БЛИЗИТЬСЯ;СЫРОСТЬ
БОЛТАТЬ;ГЛУПОСТЬ
ВБЕЖАТЬ;ПАРНИШКА
ВВАЛИТЬСЯ;ВОЗРАЖЕНИЕ
ВВАЛИТЬСЯ;ОКНО
ВВАЛИТЬСЯ;ПЕРЕДНЯЯ
ВВЕЗТИ;ПАРТИЯ
ВВЕЗТИ;ТОВАР
ВДОХНОВЛЯТЬСЯ;НАЗВАНИЕ
ВДОХНОВЛЯТЬСЯ;СХОДСТВО
ВДОХНУТЬ;АРОМАТ
ВДОХНУТЬ;ЗАПАХ
ВЕРИТЬСЯ;ЗАВЕРЕНИЕ
ВЕРИТЬСЯ;ОТРЫВ
ВЕРШИТЬ;ПРАВОСУДИЕ
ВЕРШИТЬ;СУД
ВЕРШИТЬ;СУДЬБА
ВЗБИТЬ;БЕЛОК
ВЗБИТЬ;МАСЛО
ВЗБИТЬ;ПОДУШКА
ВЗБИТЬ;СЛИВКА
ВЗБИТЬ;ЯЙЦО
ВЗВАЛИТЬ;БРЕМЯ
ВЗВАЛИТЬ;ГРУЗ
ВЗВАЛИТЬ;НОША
ВЗДЫМАТЬСЯ;ЛИСТ
ВЗДЫМАТЬСЯ;ТЫСЯЧА
ВЗИМАТЬ;КОМИССИЯ
ВЗИМАТЬ;НАЛОГ
ВЗИМАТЬ;ПЛАТА
ВЗИМАТЬ;ПОШЛИНА
ВЗИМАТЬ;СБОР
ВЗЛЕТАТЬ;ПОП
ВЗЛОМАТЬ;ЗАМОК
ВЗЛОМАТЬ;САЙТ
ВЗЫСКАТЬ;КОМПЕНСАЦИЯ
ВЗЫСКАТЬ;УБЫТОК
ВИЗЖАТЬ;ПИЛА
ВИЗЖАТЬ;ТОРМОЗ
ВМЕНЯТЬСЯ;ОБЯЗАННОСТЬ
ВМЕНЯТЬСЯ;ОРГАНИЗАЦИЯ
ВМЕНЯТЬСЯ;ПОМОЩЬ
ВМЕНЯТЬСЯ;ПОСЛАННИК
ВМЕНЯТЬСЯ;ПРИЗНАК
ВМЕНЯТЬСЯ;СТРАЖА
ВНЕСТИ;ВКЛАД
ВНЕСТИ;ЗАКОНОПРОЕКТ
ВНЕСТИ;ИЗМЕНЕНИЕ
ВНЕСТИ;ПОПРАВКА
ВНУШАТЬ;ДОВЕРИЕ
ВНУШАТЬ;ОПАСЕНИЕ
ВНУШАТЬ;ОПТИМИЗМ
ВНУШАТЬ;СТРАХ
ВНУШАТЬ;УВАЖЕНИЕ
ВНУШАТЬ;УЖАС
ВОЗВОДИТЬСЯ;ЗИМА
ВОЗЛАГАТЬ;ЦВЕТОК
ВОЗЛАГАТЬСЯ;ЛИДЕР
ВОЗЛОЖИТЬ;ВЕНОК
ВОЗЛОЖИТЬ;ЦВЕТОК
ВОЗМЕСТИТЬ;ВРЕД
ВОЗМЕСТИТЬ;РАСХОД
ВОЗМЕСТИТЬ;УБЫТОК
ВОЗОБНОВИТЬСЯ;ПЕРЕМИРИЕ
ВОНЗИТЬ;КИНЖАЛ
ВОНЗИТЬ;МЕЧ
ВОНЗИТЬ;НОЖ
ВООРУЖИТЬСЯ;КТО-ТО
ВООРУЖИТЬСЯ;ЛЕХ
ВООРУЖИТЬСЯ;САМОЛЁТ
ВООРУЖИТЬСЯ;ЦАРСТВО
ВОПЛОТИТЬСЯ;ОБРАЗ
ВОПЛОТИТЬСЯ;ЦЕРКОВЬ
ВОПЛОЩАТЬСЯ;МНОЖЕСТВО
ВОСКЛИКНУТЬ;САРДИНА
ВОСПОЛНИТЬ;ДЕФИЦИТ
ВОСПОЛНИТЬ;НЕДОСТАТОК
ВОСПОЛНИТЬ;ПРОБЕЛ
ВОССЕДАТЬ;БОГ
ВОССОЕДИНИТЬСЯ;УГРОЗА
ВОСТОРЖЕСТВОВАТЬ;ЗАКОН
ВОСТОРЖЕСТВОВАТЬ;СПРАВЕДЛИВОСТЬ
ВОСХОДИТЬ;СВЕРСТНИК
ВОЦАРИТЬСЯ;ГРОХОТ
ВОЦАРИТЬСЯ;ЗАДОР
ВПИСАТЬСЯ;ПРИВЯЗКА
ВПИСАТЬСЯ;ХАРАКТЕР
ВСЕЛЯТЬ;ОПТИМИЗМ
ВСЕЛЯТЬ;УВЕРЕННОСТЬ
ВСЕЛЯТЬ;УЖАС
ВСКИНУТЬ;БРОВЬ
ВЫБИВАТЬСЯ;ИВАНУШКА
ВЫБИВАТЬСЯ;СПЯЧКА
ВЫБИВАТЬСЯ;ТЕЛЕГРАММА
ВЫБИТЬСЯ;КОРАБЛЬ
ВЫБИТЬСЯ;ПОПЫТКА
ВЫБИТЬСЯ;СПАД
ВЫБИТЬСЯ;УШКО
ВЫБЫТЬ;ОПЕРАЦИЯ
ВЫВЕРНУТЬ;КАРМАН
ВЫВЕРНУТЬ;РУЛЬ
ВЫВЕСИТЬ;БАННЕР
ВЫВЕСИТЬ;ПЛАКАТ
ВЫВЕСИТЬ;ПРОТОКОЛ
ВЫВЕСИТЬ;ФЛАГ
ВЫДАТЬСЯ;ОБИЛИЕ
ВЫДВИГАТЬ;ВЕРСИЯ
ВЫДВИГАТЬ;КАНДИДАТ
ВЫДВИГАТЬ;КАНДИДАТУРА
ВЫДЕЛИТЬСЯ;ПОЛОВИНА
ВЫДЕЛИТЬСЯ;УОЛЛ-СТРИТ
ВЫКАТИТЬСЯ;КОЛЕСО
ВЫКАТИТЬСЯ;ЛАДОНЬ
ВЫКАТИТЬСЯ;ЛЁД
ВЫКАТИТЬСЯ;СЛОЖНОСТЬ
ВЫКАТИТЬСЯ;СОЛНЫШКО
ВЫКЛАДЫВАТЬСЯ;УИК-ЭНД
ВЫКРИКИВАТЬ;ЛОЗУНГ
ВЫКРИКИВАТЬ;ОСКОРБЛЕНИЕ
ВЫКРИКНУТЬ;ФРАЗА
ВЫЛИТЬ;ВЁДРО
ВЫЛИТЬ;ОСТАТОК
ВЫЛИТЬ;СОДЕРЖИМОЕ
ВЫЛОЖИТЬ;ВИДЕО
ВЫЛОЖИТЬ;ФОТО
ВЫЛОЖИТЬ;ФОТОГРАФИЯ
ВЫМЫТЬ;ПОЛ
ВЫМЫТЬ;ПОСУДА
ВЫПАЛИТЬ;ФРАЗА
ВЫПЛАТИТЬ;КОМПЕНСАЦИЯ
ВЫПЛАЧИВАТЬ;ЗАРПЛАТА
ВЫПЛАЧИВАТЬ;КОМПЕНСАЦИЯ
ВЫПЛАЧИВАТЬ;ПОСОБИЕ
ВЫПОЛНЯТЬ;ФУНКЦИЯ
ВЫПРЯМИТЬСЯ;АБСУРДНОСТЬ
ВЫПРЯМИТЬСЯ;БУРЯ
ВЫПРЯМИТЬСЯ;ВОЗРАСТ
ВЫПРЯМИТЬСЯ;ОПОРА
ВЫПРЯМИТЬСЯ;ПРОСТРАНСТВО
ВЫПРЯМИТЬСЯ;СЭНДВИЧ
ВЫРАБАТЫВАТЬСЯ;ВИТАМИН
ВЫРАЖАТЬ;БЛАГОДАРНОСТЬ
ВЫРАЖАТЬ;МНЕНИЕ
ВЫРАЖАТЬ;НЕДОВОЛЬСТВО
ВЫРАЖАТЬ;СОБОЛЕЗНОВАНИЕ
ВЫРАЗИТЬ;МНЕНИЕ
ВЫРАЗИТЬ;СОБОЛЕЗНОВАНИЕ
ВЫРАЗИТЬ;УВЕРЕННОСТЬ
ВЫРИСОВЫВАТЬСЯ;КОНФИДЕНЦИАЛЬНОСТЬ
ВЫРИСОВЫВАТЬСЯ;ПРИМЕР
ВЫРОВНЯТЬ;ДЫХАНИЕ
ВЫРОВНЯТЬ;ИГРА
ВЫРУБИТЬ;БУРАТИНО
ВЫРУБИТЬ;ЛЕС
ВЫРУЧИТЬ;КОМАНДА
ВЫСАЖИВАТЬ;ДЕСАНТ
ВЫСАЖИВАТЬ;ПАССАЖИР
ВЫСАЖИВАТЬ;ЦВЕТОК
ВЫСЕЧЬ;ИСКРА
ВЫСИТЬСЯ;САМОВАР
ВЫСКАЗЫВАТЬ;МНЕНИЕ
ВЫСКАЗЫВАТЬ;ОПАСЕНИЕ
ВЫСКАЗЫВАТЬ;ПРЕДПОЛОЖЕНИЕ
ВЫТЕРЕТЬ;ЛОБ
ВЫТЕРЕТЬ;ПОТ
ВЫТИРАТЬ;ПОТ
ВЫТЯНУТЬСЯ;СПИНА
ВЫТЯНУТЬСЯ;СТРУНКА
ВЫЯСНИТЬ;ПРИЧИНА
ВЫЯСНИТЬСЯ;НЕКОГО
ГАСНУТЬ;МЕЧТА
ГЛОТАТЬ;ПЫЛЬ
ГЛОТАТЬ;ТАБЛЕТКА
ГЛОТНУТЬ;ВИСОК
ГНЕЗДИТЬСЯ;СЕЗОН
ГОВОРИТЬ;ПРАВДА
ГРЯСТИ;ДЕРЬМО
ГРЯСТИ;ПРИШЕСТВИЕ
ГРЯСТИ;РЕКОМЕНДАЦИЯ
ГРЯСТИ;РЕПРЕССИЯ
ГРЯСТИ;СУББОТА
ГРЯСТИ;ШТАТ
ДЕЛЕГИРОВАТЬ;ПОЛНОМОЧИЕ
ДЕЛЕГИРОВАТЬ;ПРЕДСТАВИТЕЛЬ
ДЕШЕВЕТЬ;СЕССИЯ
ДИАГНОСТИРОВАТЬ;ЗАБОЛЕВАНИЕ
ДИАГНОСТИРОВАТЬ;ПЕРЕЛОМ
ДИАГНОСТИРОВАТЬ;РАК
ДИАГНОСТИРОВАТЬ;ТРАВМА
ДИКТОВАТЬ;ВОЛЯ
ДИКТОВАТЬ;НЕОБХОДИМОСТЬ
ДИКТОВАТЬ;ПРАВИЛО
ДИКТОВАТЬ;УСЛОВИЕ
ДИРИЖИРОВАТЬ;МУЗЫКА
ДИРИЖИРОВАТЬ;ОПЕРА
ДИРИЖИРОВАТЬ;ПРОИЗВЕДЕНИЕ
ДИСЛОЦИРОВАТЬ;БРИГАДА
ДИСЛОЦИРОВАТЬ;ВОЙСКО
ДИСЛОЦИРОВАТЬ;РАКЕТА
ДИСЛОЦИРОВАТЬСЯ;ВОЙНА
ДИСЛОЦИРОВАТЬСЯ;ПЕРИОД
ДОЖИВАТЬ;ВЕК
ДОЖИТЬ;ВЕК
ДОЖИТЬ;ОСТАТОК
ДОКАТИТЬСЯ;КАРАНТИН
ДОКАТИТЬСЯ;ОКНО
ДОЛЕТЕТЬ;АВАРИЯ
ДОЛЕТЕТЬ;РАЗОК
ДОМИНИРОВАТЬ;БОЙ
ДОНЕСТИСЬ;ЗВУК
ДОПИТЬ;ВИНО
ДОПИТЬ;ОСТАТОК
ДОПИТЬ;ПИВО
ДОПИТЬ;ЧАЙ
ДОПОЛНЯТЬСЯ;ДЕСЯТИЛЕТИЕ
ДОПРАШИВАТЬ;СВИДЕТЕЛЬ
ДОСЛУЖИТЬСЯ;ВЕРБОВЩИК
ДОСЛУЖИТЬСЯ;МАЛОГРАМОТНОСТЬ
ДОСЛУЖИТЬСЯ;МАТЬ
ДОСЛУЖИТЬСЯ;НАГРАДА
ДОСЛУЖИТЬСЯ;НЕМИЛОСТЬ
ДОСЛУЖИТЬСЯ;РАВНОПРАВИЕ
ДОСЛУЖИТЬСЯ;РАНЕНИЕ
ДОСЛУЖИТЬСЯ;СМЁТКА
ДОСЛУЖИТЬСЯ;СПИСОК
ДОСЛУЖИТЬСЯ;ТАЛАНТ
ДОСЛУЖИТЬСЯ;ЧЕСТЬ
ДОСТАВЛЯТЬСЯ;ПЕРИОД
ДЁРГАТЬ;РУЧКА
ЖИВИТЬ;ВЕК
ЗАБИВАТЬ;ГВОЗДЬ
ЗАБИВАТЬ;ГОЛ
ЗАБРОНИРОВАТЬ;БИЛЕТ
ЗАБРОНИРОВАТЬ;НОМЕР
ЗАБРОНИРОВАТЬ;ТУР
ЗАВАЛИТЬСЯ;СОН
ЗАВЕСТИСЬ;ХОЛОД
ЗАВЕСТИСЬ;ЧУДО
ЗАВИСЕТЬ;ЭКСПРЕССИЯ
ЗАВИСНУТЬ;СТАНИСЛАВСКИЙ
ЗАВЛАДЕТЬ;СОСТАВ
ЗАВОЕВАТЬ;ЗОЛОТО
ЗАВОЕВАТЬ;МЕДАЛЬ
ЗАВОЕВАТЬ;ТИТУЛ
ЗАВЯЗАТЬ;БОЙ
ЗАВЯЗАТЬ;ЗНАКОМСТВО
ЗАВЯЗАТЬСЯ;БОЙ
ЗАВЯЗАТЬСЯ;РАЗНИЦА
ЗАВЯЗЫВАТЬ;ГАЛСТУК
ЗАВЯЗЫВАТЬ;ЗНАКОМСТВО
ЗАВЯЗЫВАТЬ;УЗЕЛ
ЗАВЯЗЫВАТЬ;ШНУРОК
ЗАГЛОХНУТЬ;ДВИГАТЕЛЬ
ЗАГЛОХНУТЬ;МОТОР
ЗАГЛОХНУТЬ;СИМВОЛ
ЗАГОРЕТЬСЯ;ЗАТРАТА
ЗАДИРАТЬ;ЮБКА
ЗАДОХНУТЬСЯ;ВЕЧНОСТЬ
ЗАДОХНУТЬСЯ;ДРАМАТИЗМ
ЗАДОХНУТЬСЯ;КАМЕНЬ
ЗАДОХНУТЬСЯ;КРЫЛО
ЗАДОХНУТЬСЯ;МАТЬ
ЗАДОХНУТЬСЯ;ОТКЛОНЕНИЕ
ЗАЖИГАТЬ;ЗВЕЗДА
ЗАЖИГАТЬ;СВЕЧА
ЗАЖИМАТЬ;РАНА
ЗАЖИМАТЬ;РОТ
ЗАЖИМАТЬ;УХО
ЗАЗВУЧАТЬ;СТРУНА
ЗАИГРАТЬ;ВАЛЬС
ЗАИГРАТЬ;ГИМН
ЗАИГРАТЬ;МАРШ
ЗАИГРАТЬ;МЕЛОДИЯ
ЗАИНТЕРЕСОВАТЬ;КТО-ТО
ЗАИНТРИГОВАТЬ;ПОКЛОННИК
ЗАКЛЮЧАТЬ;ДОГОВОР
ЗАКЛЮЧАТЬ;КОНТРАКТ
ЗАКЛЮЧАТЬ;СДЕЛКА
ЗАКЛЮЧАТЬ;СОГЛАШЕНИЕ
ЗАКЛЮЧИТЬ;ДОГОВОР
ЗАКЛЮЧИТЬ;КОНТРАКТ
ЗАКЛЮЧИТЬ;СДЕЛКА
ЗАКЛЮЧИТЬ;СОГЛАШЕНИЕ
ЗАКОПАТЬ;ТРУП
ЗАКРУЖИТЬСЯ;РАЗНОГЛАСИЕ
ЗАКУРИТЬ;ПАПИРОСА
ЗАКУРИТЬ;СИГАРА
ЗАКУРИТЬ;СИГАРЕТА
ЗАКУРИТЬ;ТРУБКА
ЗАЛЕГАТЬ;ЛИЗИ
ЗАЛЕГАТЬ;СОСУД
ЗАЛЕГАТЬ;СТРОЕНИЕ
ЗАЛИВАТЬСЯ;ЗИМА
ЗАЛИТЬСЯ;КНИЖКА
ЗАЛИТЬСЯ;КОБЕЛЬ
ЗАЛИТЬСЯ;САМОГОН
ЗАМЕДЛИТЬ;ТЕМП
ЗАМЕДЛИТЬ;ХОД
ЗАМЕДЛИТЬСЯ;ВЫХОД
ЗАМЕДЛИТЬСЯ;ПОКАЗАТЕЛЬ
ЗАМЕДЛЯТЬ;ДВИЖЕНИЕ
ЗАМЕДЛЯТЬ;СТАРЕНИЕ
ЗАМЕДЛЯТЬ;ХОД
ЗАМЕДЛЯТЬСЯ;ЦИФРА
ЗАМЕРЗАТЬ;ЗИМА
ЗАМКНУТЬСЯ;ВЛАСТЬ
ЗАМКНУТЬСЯ;КАПЕЛЬКА
ЗАМКНУТЬСЯ;КРУГ
ЗАМКНУТЬСЯ;НОЛЬ
ЗАМКНУТЬСЯ;СЕЛО
ЗАМКНУТЬСЯ;УХИЩРЕНИЕ
ЗАМЫКАТЬ;ДЕСЯТКА
ЗАМЫКАТЬ;ПЯТЁРКА
ЗАМЫКАТЬ;СПИСОК
ЗАМЫКАТЬ;ТРОЙКА
ЗАМЁРЗНУТЬ;ОДЕЖДА
ЗАНИЗИТЬ;ПОДВЕСКА
ЗАНИЗИТЬ;СТОИМОСТЬ
ЗАНИМАТЬ;ДОЛЖНОСТЬ
ЗАНИМАТЬ;ПЛОЩАДЬ
ЗАНИМАТЬ;ПОСТ
ЗАПАСТИСЬ;ГАДЖЕТ
ЗАПАСТИСЬ;МАЯК
ЗАПАСТИСЬ;МИНИМУМ
ЗАПАХНУТЬ;КУРТКА
ЗАПАХНУТЬ;ПАЛЬТО
ЗАПАХНУТЬ;ПЛАЩ
ЗАПАХНУТЬ;ПОЛ
ЗАПАХНУТЬ;ХАЛАТ
ЗАПЕРЕТЬСЯ;ВОРОТА
ЗАПЕРЕТЬСЯ;ЗОНДЕРКОМАНДА
ЗАПЕРЕТЬСЯ;КОМАНДА
ЗАПЕРЕТЬСЯ;НЕГОДОВАНИЕ
ЗАПЕРЕТЬСЯ;ОСАДА
ЗАПЕТЬ;ГИМН
ЗАПЕТЬ;ПЕСЕНКА
ЗАПЕТЬ;ПЕСНЬ
ЗАПИТЬ;ТАБЛЕТКА
ЗАПЛАТИТЬ;НАЛОГ
ЗАПРАВЛЯТЬ;САЛАТ
ЗАПРАВЛЯТЬ;САМОЛЁТ
ЗАПРАШИВАТЬ;РАЗРЕШЕНИЕ
ЗАПУТАТЬ;ИЗБИРАТЕЛЬ
ЗАПУТАТЬ;СЛЕД
ЗАРАЗИТЬСЯ;ВАКЦИНАЦИЯ
ЗАРАЗИТЬСЯ;ПРИВИВКА
ЗАРОДИТЬСЯ;ПОЛВЕКА
ЗАРОДИТЬСЯ;ТЫСЯЧА
ЗАРУЧИТЬСЯ;ПОДДЕРЖКА
ЗАРУЧИТЬСЯ;ПРЕДОСТАВЛЕНИЕ
ЗАРЫТЬСЯ;ДРОНА
ЗАРЫТЬСЯ;СВИТЕР
ЗАРЫТЬСЯ;СЛОЙ
ЗАРЫТЬСЯ;СТРАХ
ЗАРЯДИТЬ;АККУМУЛЯТОР
ЗАРЯДИТЬ;БАТАРЕЯ
ЗАРЯДИТЬ;ТЕЛЕФОН
ЗАСЛУШАТЬ;ДОКЛАД
ЗАСЛУШАТЬ;ОТЧЁТ
ЗАСЛУШАТЬ;ПОКАЗАНИЕ
ЗАСТЕЛИТЬ;КРОВАТЬ
ЗАСТЕЛИТЬ;ПОЛ
ЗАСТЕЛИТЬ;ПОСТЕЛЬ
ЗАСТЕЛИТЬ;ПРОТИВЕНЬ
ЗАСТЕЛИТЬ;ФОРМА
ЗАТАИТЬСЯ;АГЕНТ
ЗАТАИТЬСЯ;ВИД
ЗАТАИТЬСЯ;ДЕНЁК
ЗАТАИТЬСЯ;ОБЯЗАТЕЛЬСТВО
ЗАТАИТЬСЯ;ПРЕДСКАЗУЕМОСТЬ
ЗАТАИТЬСЯ;РЕЗУС
ЗАТАИТЬСЯ;ТОН
ЗАТАИТЬСЯ;ФОРМА
ЗАТАИТЬСЯ;ЯРОСТЬ
ЗАТЕРЯТЬСЯ;ВЕРХОВЬЕ
ЗАТЕРЯТЬСЯ;ВНЕШНОСТЬ
ЗАТЕРЯТЬСЯ;ОТСЛЕЖИВАНИЕ
ЗАТЕРЯТЬСЯ;ПОДРАНОК
ЗАТЕРЯТЬСЯ;РАЗМЕР
ЗАТЕРЯТЬСЯ;СРОЧНОСТЬ
ЗАТЕЯТЬ;ДРАКА
ЗАТЕЯТЬ;ИГРА
ЗАТОНУТЬ;ПОПЫТКА
ЗАТРАТИТЬ;МИНИМУМ
ЗАТРУДНИТЬСЯ;ГОТОВНОСТЬ
ЗАТРУДНИТЬСЯ;ДИЛЕР
ЗАТРУДНИТЬСЯ;ИСТОЧНИК
ЗАТРУДНИТЬСЯ;ЧИСЛО
ЗАТЯНУТЬ;НЕБО
ЗАТЯНУТЬ;ПОЯС
ЗАХЛЕБНУТЬСЯ;АТАКА
ЗАХЛЕБНУТЬСЯ;ВРАГ
ЗАХЛЕСТНУТЬ;СТРАНА
ЗАХЛОПАТЬ;ДВЕРЦА
ЗАХЛОПАТЬ;КРЫЛО
ЗАХЛОПНУТЬСЯ;ПАСТЬ
ЗАХОРОНИТЬ;ОСТАНКИ
ЗАХОРОНИТЬ;ПРАХ
ЗАШЕВЕЛИТЬСЯ;УГРОЗА
ЗАЩИТИТЬСЯ;ВОРОТНИЧОК
ЗАЩИТИТЬСЯ;ДОСТИЖЕНИЕ
ЗАЩИТИТЬСЯ;КЛЕТКА
ЗАЩИТИТЬСЯ;ПИСТОЛЕТ
ЗАЩИТИТЬСЯ;ПОЛКА
ЗАЩИТИТЬСЯ;РОДИНА
ЗАЩИТИТЬСЯ;САБЛЯ
ЗАЩИТИТЬСЯ;СУВЕРЕНИТЕТ
ЗАЩИТИТЬСЯ;ШТОРА
ЗАЯВИТЬСЯ;ДЬЯВОЛ
ЗВАТЬСЯ;ИНТУИЦИЯ
ЗВЯКНУТЬ;РАЗОК
ЗИЯТЬ;РОТ
ЗНАКОМИТЬ;ЧИТАТЕЛЬ
ИЗБИРАТЬСЯ;ЧИСЛО
ИЗДАТЬ;ЗВУК
ИЗДАТЬ;КНИГА
ИЗДАТЬ;ПРИКАЗ
ИЗДАТЬ;УКАЗ
ИЗМЕРЯТЬСЯ;СНИЖЕНИЕ
ИЗНАСИЛОВАТЬ;ДЕВОЧКА
ИЗНАСИЛОВАТЬ;ДЕВУШКА
ИЗНАСИЛОВАТЬ;ЖЕНЩИНА
ИЗОЛИРОВАТЬ;РОССИЯ
ИЗРАСХОДОВАТЬ;БОЕПРИПАС
ИЗРАСХОДОВАТЬ;ЗАПАС
ИНТЕГРИРОВАТЬСЯ;ГОСУДАРСТВО
ИНТЕГРИРОВАТЬСЯ;ДИАМЕТР
ИНТЕГРИРОВАТЬСЯ;ПОКАЗАТЕЛЬ
ИНТЕГРИРОВАТЬСЯ;УСТАНОВКА
ИСКЛЮЧАТЬСЯ;ЖАНР
ИСПЕЧЬ;БЛИН
ИСПЕЧЬ;ПЕЧЕНИЕ
ИСПЕЧЬ;ПИРОГ
ИСПЕЧЬ;ТОРТ
ИСПЕЧЬ;ХЛЕБ
ИСПОВЕДОВАТЬ;ВЕРА
ИСПОВЕДОВАТЬ;ИСЛАМ
ИСПОВЕДОВАТЬ;РЕЛИГИЯ
ИСПОВЕДОВАТЬ;ХРИСТИАНСТВО
ИСПОЛНИТЬСЯ;ДУХ
ИСПОРТИТЬ;НАСТРОЕНИЕ
ИСПОРТИТЬСЯ;УСПЕХ
ИСПРАВИТЬ;ОШИБКА
ИСПРАВЛЯТЬ;ДОЛЖНОСТЬ
ИСПРАВЛЯТЬ;ОШИБКА
ИСТЕКАТЬ;ХОЛОД
ИСЧЕРПАТЬ;ЗАПАС
ИСЧЕРПАТЬ;ЛИМИТ
ИСЧЕРПАТЬ;РЕСУРС
КАРАТЬСЯ;БЛОКИРОВКА
КАРАТЬСЯ;ЗАСЛУГА
КАРАТЬСЯ;ОТПАДЕНИЕ
КАРАТЬСЯ;ПРИНАДЛЕЖНОСТЬ
КАРАТЬСЯ;СЛОВЕЧКО
КАРАТЬСЯ;ЮМОР
КАТИТЬ;БОЧКА
КАТИТЬ;КОЛЯСКА
КАТИТЬ;ТЕЛЕЖКА
КАЧАТЬ;НЕФТЬ
КАЧАТЬ;ПРЕСС
КИДАТЬСЯ;ТЫЛ
КИШЕТЬ;ГЛУБИНА
КОМПЕНСИРОВАТЬ;ЗАТРАТА
КОМПЕНСИРОВАТЬ;РАСХОД
КОМПЕНСИРОВАТЬСЯ;ВОЗМУЩЕНИЕ
КОМПЕНСИРОВАТЬСЯ;ОБЕСПЕЧЕННОСТЬ
КОМПЕНСИРОВАТЬСЯ;ОТКАЗ
КОМПЛЕКТОВАТЬСЯ;ВЕРСИЯ
КОМПЛЕКТОВАТЬСЯ;ПОКОЛЕНИЕ
КОНСОЛИДИРОВАТЬ;АКТИВ
КОНСОЛИДИРОВАТЬ;ОБЩЕСТВО
КОНТРАСТИРОВАТЬ;НЬЮ-ЙОРК
КОНТРАСТИРОВАТЬ;СРЕЗ
КОНТРАСТИРОВАТЬ;ТАЛАНТ
КОНЦЕНТРИРОВАТЬ;РЕСУРС
КОПАТЬ;КАРТОШКА
КОПАТЬ;МОГИЛА
КОПАТЬ;ЯМА
КОРМИТЬСЯ;ЗИМА
КРАСИТЬ;НОГОТЬ
КРАСИТЬ;ЯЙЦО
КРЕСТИТЬ;РУСЬ
КУРИТЬ;КАЛЬЯН
КУРИТЬ;МАРИХУАНА
КУРИТЬ;СИГАРА
КУРИТЬ;СИГАРЕТА
КУРИТЬ;ТРУБКА
ЛОКАЛИЗОВАТЬ;ВОЗГОРАНИЕ
ЛОКАЛИЗОВАТЬ;ПОЖАР
ЛОКАЛИЗОВАТЬ;ПРОИЗВОДСТВО
ЛОПНУТЬ;ХАРАКТЕР
МЕРЦАТЬ;СВЕЧА
МЕТАТЬ;ГРОМ
МЕТАТЬ;ИКРА
МЕТАТЬ;МОЛНИЯ
МЕТАТЬ;НОЖ
МЕТНУТЬ;ГРАНАТА
МЕТНУТЬ;НОЖ
МОЛИТЬ;БОГ
МОЛИТЬ;ГОСПОДЬ
НАБИВАТЬ;КАРМАН
НАБИВАТЬ;ТРУБКА
НАБИВАТЬ;ШИШКА
НАБИРАТЬ;НОМЕР
НАБИРАТЬ;ОБОРОТ
НАБИРАТЬ;ПОПУЛЯРНОСТЬ
НАБИРАТЬ;СОТНЯ
НАБИТЬ;КАРМАН
НАБИТЬ;МОРДА
НАБИТЬ;ОСКОМИНА
НАВИСНУТЬ;КЛОК
НАВИСНУТЬ;ОПАСНОСТЬ
НАВИСНУТЬ;ТУЧА
НАГНУТЬСЯ;ТОШНОТА
НАДВИГАТЬСЯ;БЕЛОРУССИЯ
НАДВИГАТЬСЯ;ВЫХОДНОЙ
НАДУТЬ;ГУБКА
НАДУТЬ;ЩЕКА
НАЖИТЬ;ВРАГ
НАЖИТЬ;КАПИТАЛ
НАЖИТЬ;НЕПРИЯТНОСТЬ
НАЗРЕВАТЬ;НЕЧТО
НАЗРЕТЬ;ИЗМЕНЕНИЕ
НАЗРЕТЬ;ПЕРЕМЕНА
НАКАЗЫВАТЬСЯ;ЗЛО
НАКАЗЫВАТЬСЯ;НЕПРИНЯТИЕ
НАКАЗЫВАТЬСЯ;ОТСУТСТВИЕ
НАКАЗЫВАТЬСЯ;ПРАВОНАРУШИТЕЛЬ
НАКИНУТЬСЯ;ЗАМЕЧАНИЕ
НАЛАГАТЬ;ЗАПРЕТ
НАЛАГАТЬ;ОБЯЗАННОСТЬ
НАЛАГАТЬ;ОБЯЗАТЕЛЬСТВО
НАЛАГАТЬ;ОГРАНИЧЕНИЕ
НАЛАГАТЬ;САНКЦИЯ
НАЛАДИТЬ;ВЫПУСК
НАЛАДИТЬ;КОНТАКТ
НАЛАДИТЬ;ПРОИЗВОДСТВО
НАЛАДИТЬ;СВЯЗЬ
НАЛАДИТЬСЯ;ПОДСОС
НАЛАДИТЬСЯ;ПОСЛЕДСТВИЕ
НАЛАДИТЬСЯ;УГРОЗА
НАЛАЖИВАТЬ;КОНТАКТ
НАЛАЖИВАТЬ;ПРОИЗВОДСТВО
НАЛАЖИВАТЬ;СВЯЗЬ
НАЛИВАТЬ;ВИНО
НАЛИВАТЬ;ЧАЙ
НАЛИТЬ;СТАКАН
НАЛИТЬ;ЧАЙ
НАЛИТЬ;ЧАШКА
НАЛОЖИТЬ;АРЕСТ
НАЛОЖИТЬ;ВЕТО
НАЛОЖИТЬ;ЗАПРЕТ
НАЛОЖИТЬ;ОТПЕЧАТОК
НАПЕВАТЬ;МЕЛОДИЯ
НАПЕВАТЬ;ПЕСЕНКА
НАПЕВАТЬ;ПЕСНЬ
НАПОЛНИТЬСЯ;КЛАДБИЩЕ
НАПРАШИВАТЬСЯ;ИЗМЕНЕНИЕ
НАПРЯГАТЬ;МЫШЦА
НАПРЯГАТЬ;ПАМЯТЬ
НАПРЯЧЬ;ЗРЕНИЕ
НАПРЯЧЬ;МЫШЦА
НАПРЯЧЬ;ПАМЯТЬ
НАРВАТЬСЯ;ЛИШЕНИЕ
НАРВАТЬСЯ;НЕПРИЯТНОСТЬ
НАСЕЛИТЬ;МИР
НАСМОТРЕТЬСЯ;БОЕВИК
НАСТРАИВАТЬСЯ;ЗВАНИЕ
НАСТРОИТЬСЯ;ВОЛНА
НАСТРОИТЬСЯ;МИНУТКА
НАСЧИТАТЬ;ГРАЖДАНИН
НАСЧИТАТЬ;ДЕСЯТОК
НАСЧИТЫВАТЬ;ДЕСЯТОК
НАСЧИТЫВАТЬ;СОТНЯ
НАСЧИТЫВАТЬ;ТЫСЯЧА
НАХЛЫНУТЬ;ВОСПОМИНАНИЕ
НАЦИОНАЛИЗИРОВАТЬ;БАНК
НАЦИОНАЛИЗИРОВАТЬ;ИМУЩЕСТВО
НАЦИОНАЛИЗИРОВАТЬ;КОМПАНИЯ
НАЦИОНАЛИЗИРОВАТЬ;ПРЕДПРИЯТИЕ
НАЧЕРТАТЬ;ЗНАК
НАЧЕРТАТЬ;РЕЗОЛЮЦИЯ
НАЧИСЛЯТЬСЯ;КОЭФФИЦИЕНТ
НОРМАЛИЗОВАТЬ;ДАВЛЕНИЕ
НОРМАЛИЗОВАТЬ;УРОВЕНЬ
НОРМАЛИЗОВАТЬСЯ;БОЙ
НОРМАЛИЗОВАТЬСЯ;ГИДРОКСИД
НОРМАЛИЗОВАТЬСЯ;ПОКАЗАТЕЛЬ
НОРМАЛИЗОВАТЬСЯ;ПРОДОЛЖЕНИЕ
НОРМАЛИЗОВАТЬСЯ;СНЕГ
НОРМАЛИЗОВАТЬСЯ;СПОКОЙСТВИЕ
НОРМАЛИЗОВАТЬСЯ;СТОЛКНОВЕНИЕ
ОБГОВОРИТЬ;ДЕТАЛЬ
ОБГОВОРИТЬ;УСЛОВИЕ
ОБЖЕЧЬ;ГОРЛО
ОБЖИГАТЬ;ГОРШОК
ОБЖИГАТЬ;КОЖА
ОБЗАВЕСТИСЬ;ПОКОЛЕНИЕ
ОБЛАЧИТЬСЯ;ВОСКРЕСЕНИЕ
ОБЛАЧИТЬСЯ;КОСТЮМ
ОБЛАЧИТЬСЯ;РЕГАЛИЯ
ОБЛЕГАТЬ;БЕДРО
ОБЛЕГАТЬ;ФИГУРА
ОБЛОКОТИТЬСЯ;ПЛОЩАДКА
ОБЛОКОТИТЬСЯ;СТОЙКА
ОБНОВИТЬСЯ;СХОЖЕСТЬ
ОБОЗНАЧИТЬСЯ;ОГРАНИЧЕНИЕ
ОБОЗНАЧИТЬСЯ;ПОЛОСА
ОБОЗНАЧИТЬСЯ;ПРЕДВЕСТИЕ
ОБОЗНАЧИТЬСЯ;СЛОЙ
ОБОЗНАЧИТЬСЯ;УРОК
ОБОЗНАЧИТЬСЯ;УСТАЛОСТЬ
ОБОЗНАЧИТЬСЯ;ХАРАКТЕР
ОБОЗНАЧИТЬСЯ;ШЕСТВИЕ
ОБОЗНАЧИТЬСЯ;Ы
ОБОСТРИТЬСЯ;ПЕРЕМИРИЕ
ОБРАЗОВАТЬСЯ;МИЛЛИОН
ОБСЛУЖИВАТЬСЯ;ПРОБЕГ
ОБСТАВИТЬ;КВАРТИРА
ОБХВАТИТЬ;КОЛЕНО
ОВЛАДЕТЬ;ЦХИНВАЛИ
ОГЛАСИТЬ;ПРИГОВОР
ОГЛАСИТЬ;СПИСОК
ОГОВАРИВАТЬСЯ;ВПЕЧАТЛЕНИЕ
ОЖИВИТЬСЯ;ВОЗРАСТ
ОЖИВИТЬСЯ;ПРОГНОЗ
ОЗАГЛАВИТЬ;КОММЕНТАРИЙ
ОЗАГЛАВИТЬ;МАТЕРИАЛ
ОЗАГЛАВИТЬ;СТАТЬЯ
ОЗАРИТЬ;НЕБО
ОКАЗАТЬ;ВЛИЯНИЕ
ОКАЗАТЬ;ДАВЛЕНИЕ
ОКАЗАТЬ;ПОДДЕРЖКА
ОКАЗАТЬ;ПОМОЩЬ
ОКАЗАТЬ;СОДЕЙСТВИЕ
ОКАЗАТЬ;СОПРОТИВЛЕНИЕ
ОКАЗЫВАТЬ;ВЛИЯНИЕ
ОКАЗЫВАТЬ;ВОЗДЕЙСТВИЕ
ОКАЗЫВАТЬ;ДАВЛЕНИЕ
ОКАЗЫВАТЬ;ПОДДЕРЖКА
ОКАЗЫВАТЬ;ПОМОЩЬ
ОКАЗЫВАТЬ;УСЛУГА
ОКОНЧИТЬ;АКАДЕМИЯ
ОКОНЧИТЬ;ИНСТИТУТ
ОКОНЧИТЬ;КУРС
ОКОНЧИТЬ;УНИВЕРСИТЕТ
ОКОНЧИТЬ;УЧИЛИЩЕ
ОКОНЧИТЬ;ФАКУЛЬТЕТ
ОКОНЧИТЬ;ШКОЛА
ОКРЕПНУТЬ;МЫШЦА
ОКРЕПНУТЬ;ТЕМПЕРАТУРА
ОПЕРЕТЬСЯ;ВИД
ОПЕРЕТЬСЯ;ЗВУК
ОПЕРЕТЬСЯ;МИНУТОЧКА
ОПЕРЕТЬСЯ;НАБАЛДАШНИК
ОПЕРИРОВАТЬ;ПАЦИЕНТ
ОПРАВДАТЬ;ДОВЕРИЕ
ОПРАВДАТЬ;ОЖИДАНИЕ
ОПРАВИТЬСЯ;ВОЛЬНИЦА
ОПРАВИТЬСЯ;ПРИЗНАК
ОПРАВИТЬСЯ;СКАНДАЛ
ОПРАШИВАТЬ;ОЧЕВИДЕЦ
ОПРАШИВАТЬ;СВИДЕТЕЛЬ
ОРАТЬ;ПЕСНЬ
ОСВЕДОМИТЬСЯ;МНЕНИЕ
ОСВЕДОМИТЬСЯ;СЛУЖБА
ОСВЕДОМИТЬСЯ;СПУТНИК
ОСВЕДОМИТЬСЯ;ТРАГЕДИЯ
ОСВОИТЬСЯ;ЗАМЕЧАНИЕ
ОСВОИТЬСЯ;ОПЫТ
ОСВОИТЬСЯ;ОТСУТСТВИЕ
ОСВОИТЬСЯ;ПЕРЕЕЗД
ОСВОИТЬСЯ;СБОЙ
ОСВОИТЬСЯ;СКЛОННОСТЬ
ОСЕДЛАТЬ;ВОЛНА
ОСЕДЛАТЬ;КОНЬ
ОСЕДЛАТЬ;ЛОШАДЬ
ОСЕСТЬ;ЯСЛИ
ОСКОРБИТЬ;ЧУВСТВО
ОСЛАБЕТЬ;ХВАТКА
ОСЛОЖНИТЬСЯ;МАНТРА
ОСЛОЖНИТЬСЯ;УСПЕХ
ОСНАСТИТЬ;МОДЕЛЬ
ОСНАЩАТЬ;МОДЕЛЬ
ОСНАЩАТЬСЯ;АВТОМАТ
ОСНАЩАТЬСЯ;ГАБАРИТ
ОСНАЩАТЬСЯ;ДЕСЯТИЛЕТИЕ
ОСНАЩАТЬСЯ;КРОССОВЕР
ОСНАЩАТЬСЯ;ПОКОЛЕНИЕ
ОСНАЩАТЬСЯ;СЕЗОН
ОСНАЩАТЬСЯ;ХЭТЧБЕК
ОСУШИТЬ;БОКАЛ
ОСУШИТЬ;БОЛОТО
ОСУШИТЬ;СТАКАН
ОСУЩЕСТВИТЬСЯ;КРИТИКА
ОСУЩЕСТВИТЬСЯ;МЕЧТА
ОСУЩЕСТВИТЬСЯ;ОТКАЗ
ОСУЩЕСТВИТЬСЯ;ПАНДЕМИЯ
ОСУЩЕСТВИТЬСЯ;ПОЛОТНО
ОСУЩЕСТВИТЬСЯ;ПРЕПОНА
ОСУЩЕСТВИТЬСЯ;ПРОВАЛ
ОСУЩЕСТВИТЬСЯ;СТОЛКНОВЕНИЕ
ОСУЩЕСТВИТЬСЯ;УГРОЗА
ОТБИВАТЬСЯ;МАТЧ
ОТБИТЬСЯ;ВЫСТУПЛЕНИЕ
ОТБЫТЬ;ДИСКВАЛИФИКАЦИЯ
ОТВАЛИТЬСЯ;ПОДГОТОВКА
ОТВОРИТЬСЯ;ВОРОТА
ОТВОРИТЬСЯ;ДРЕВНОСТЬ
ОТДЕЛАТЬ;САЛОН
ОТДЕЛИТЬСЯ;МИЛЛИАРД
ОТДЕЛИТЬСЯ;МИЛЛИОН
ОТДЕЛИТЬСЯ;СОТНЯ
ОТДОХНУТЬ;НЕДЕЛЬКА
ОТДЁРНУТЬ;ЗАНАВЕСКА
ОТДЁРНУТЬ;ШТОРА
ОТКАТИТЬСЯ;СТОРОНА
ОТКИНУТЬСЯ;ПРОТЕСТ
ОТКИНУТЬСЯ;СПИНКА
ОТКЛОНИТЬ;ЖАЛОБА
ОТКЛОНИТЬ;ИСК
ОТКЛОНИТЬ;ПРЕДЛОЖЕНИЕ
ОТКЛОНИТЬ;ХОДАТАЙСТВО
ОТКЛОНИТЬСЯ;ПОГОДА
ОТКУСИТЬ;КУСОК
ОТКУСИТЬ;КУСОЧЕК
ОТЛЕТЕТЬ;ОТСКОК
ОТЛЕТЕТЬ;СТОРОНА
ОТОБРАЖАТЬСЯ;ОПЕРАЦИЯ
ОТОДВИНУТЬСЯ;ДЮЙМ
ОТОДВИНУТЬСЯ;ПОЛУЧЕНИЕ
ОТОДВИНУТЬСЯ;УХО
ОТРАБАТЫВАТЬСЯ;УПРОЩЕНИЕ
ОТРЕЧЬСЯ;ПАПА
ОТРИЦАТЬ;ПРИЧАСТНОСТЬ
ОТРИЦАТЬ;СОТРУДНИЧЕСТВО
ОТСКОЧИТЬ;СТОРОНА
ОТСЛУЖИТЬ;ЛИТУРГИЯ
ОТСЛУЖИТЬ;МЕССА
ОТСЛУЖИТЬ;МОЛЕБЕН
ОТСЛУЖИТЬ;ПАНИХИДА
ОТСЛУЖИТЬ;СЛУЖБА
ОТСУДИТЬ;КОМПЕНСАЦИЯ
ОТЧИТАТЬСЯ;КВАРТАЛ
ОТЧИТЫВАТЬСЯ;КВАРТАЛ
ОТЫГРАТЬ;КОНЦЕРТ
ОТЫГРАТЬ;МАТЧ
ОТЫГРАТЬ;ОТСТАВАНИЕ
ОТЫГРАТЬ;ПАДЕНИЕ
ОТЫГРАТЬСЯ;ГОНКА
ОТЫГРАТЬСЯ;ЛЕВ
ОФОРМЛЯТЬСЯ;ВЗНОС
ОЦЕПИТЬ;ЗДАНИЕ
ОЦЕПИТЬ;РАЙОН
ОЧЕРТИТЬ;КОНТУР
ОЧЕРТИТЬ;КРУГ
ПАСТИ;КОРОВА
ПАСТИ;ОВЦА
ПАСТИ;СКОТ
ПАСТИ;СТАДО
ПЕРЕВЕРНУТЬ;МИР
ПЕРЕВЕРНУТЬ;СТРАНИЦА
ПЕРЕВЕСТИСЬ;ПОЛК
ПЕРЕВЯЗАТЬ;РАНА
ПЕРЕДАТЬСЯ;ГОРОД
ПЕРЕДАТЬСЯ;КОЛЕНО
ПЕРЕДАТЬСЯ;ПОЛОВИНА
ПЕРЕДАТЬСЯ;ПОСЛЕДОВАТЕЛЬНОСТЬ
ПЕРЕДАТЬСЯ;РАЗРЯДКА
ПЕРЕДЁРНУТЬ;ЗАТВОР
ПЕРЕКВАЛИФИЦИРОВАТЬ;СТАТЬЯ
ПЕРЕМЕНИТЬСЯ;МНОЖЕСТВО
ПЕРЕОДЕВАТЬСЯ;НАРЯД
ПЕРЕОДЕТЬСЯ;НАРЯД
ПЕРЕОДЕТЬСЯ;ОДЕЖДА
ПЕРЕОЦЕНИТЬ;ВАЖНОСТЬ
ПЕРЕОЦЕНИТЬ;ВКЛАД
ПЕРЕПЛЕТАТЬСЯ;АРОМАТ
ПЕРЕПРАВИТЬСЯ;ОБСТРЕЛ
ПЕРЕРАСПРЕДЕЛИТЬ;ПОЛНОМОЧИЕ
ПЕРЕРАСПРЕДЕЛИТЬ;ПОТОК
ПЕРЕРЕЗАТЬ;ГЛОТКА
ПЕРЕРЕЗАТЬ;ГОРЛО
ПЕРЕРЕЗАТЬ;ЛЕНТОЧКА
ПЕРЕСКАЗАТЬ;СОДЕРЖАНИЕ
ПЕРЕСОХНУТЬ;РЕШИМОСТЬ
ПЕРЕСОХНУТЬ;СОК
ПЕРЕСПАТЬ;РАЗОК
ПЕРЕСТРАИВАТЬСЯ;МНОЖЕСТВО
ПЕРЕШАГНУТЬ;ОТМЕТКА
ПЕРЕШАГНУТЬ;ПОРОГ
ПЕРЕШАГНУТЬ;РУБЕЖ
ПЕЧЬ;БЛИН
ПЕЧЬ;ПИРОГ
ПЕЧЬ;ПИРОГА
ПЕЧЬ;ПИРОЖОК
ПЕЧЬ;ХЛЕБ
ПИЛИТЬ;БЮДЖЕТ
ПИЛИТЬ;ДРОВА
ПИТЬ;ВИНО
ПИТЬ;ПИВО
ПИТЬ;ЧАЙ
ПЛАКАТЬ;НАЛОГ
ПЛЕСНУТЬ;ВИСОК
ПЛЕСНУТЬ;ЖИДКОСТЬ
ПЛЕСНУТЬ;ПОРЦИЯ
ПЛЕСТИ;ВЕНОК
ПЛЕСТИ;ИНТРИГА
ПЛЕСТИ;КРУЖЕВО
ПЛЕСТИ;ПАУТИНА
ПЛЕСТИ;СЕТЬ
ПЛЮХНУТЬСЯ;ВИД
ПЛЮХНУТЬСЯ;ВИЗГ
ПЛЮХНУТЬСЯ;ВЁДРО
ПЛЮХНУТЬСЯ;ГАЗИРОВКА
ПЛЮХНУТЬСЯ;ДИВАН
ПЛЮХНУТЬСЯ;КАЧАЛКА
ПЛЮХНУТЬСЯ;КРЕСЛО
ПЛЮХНУТЬСЯ;ЛИЛА
ПЛЮХНУТЬСЯ;ОКОПЧИК
ПЛЮХНУТЬСЯ;ОТСТОЙНИК
ПЛЮХНУТЬСЯ;ПРОТЕСТ
ПЛЮХНУТЬСЯ;СТРАХ
ПОБЕЛЕТЬ;ГОСПОДИН
ПОБЕЛЕТЬ;ЗАГАР
ПОБЕЛЕТЬ;ПОЛОТНО
ПОБЕЛЕТЬ;УХО
ПОБЕЛЕТЬ;ШРАМ
ПОБЛЕДНЕТЬ;ЗАГАР
ПОБЛЕДНЕТЬ;ПОЛОТНО
ПОБРЕСТИ;ГОЛОВУШКА
ПОБРЕСТИ;ЖУК
ПОБРЕСТИ;КОЛ
ПОБРЕСТИ;МОСТОВОЙ
ПОБРЕСТИ;ОПЫТ
ПОБРЕСТИ;ПЕТУШОК
ПОБРЕСТИ;СИД
ПОБРЕСТИ;УВЕЩЕВАНИЕ
ПОВАЛИТЬСЯ;УСТАЛОСТЬ
ПОВЯЗАТЬ;ГАЛСТУК
ПОВЯЗАТЬ;ЛЕНТОЧКА
ПОВЯЗАТЬ;ПЛАТОК
ПОГАСИТЬ;ЗАДОЛЖЕННОСТЬ
ПОГАСИТЬ;КРЕДИТ
ПОГОВАРИВАТЬ;ОСОЗНАНИЕ
ПОГУЛЯТЬ;ЧАСОК
ПОДАВАТЬ;ЗАЯВКА
ПОДАВАТЬ;ЗАЯВЛЕНИЕ
ПОДАВАТЬ;ИСК
ПОДАВАТЬ;СИГНАЛ
ПОДАТЬ;ЖАЛОБА
ПОДАТЬ;ЗАЯВКА
ПОДАТЬ;ЗАЯВЛЕНИЕ
ПОДАТЬ;ИСК
ПОДБРОСИТЬ;НАРКОТИК
ПОДВЕРНУТЬСЯ;СЛУЧАЙ
ПОДЕЙСТВОВАТЬ;ДУШ
ПОДЕЙСТВОВАТЬ;РАЗРЯД
ПОДЕЙСТВОВАТЬ;УДАР
ПОДКАРМЛИВАТЬ;ПТИЦА
ПОДЛЕТЕТЬ;УГРОЗА
ПОДЛЕТЕТЬ;УЛЫБКА
ПОДЛОЖИТЬ;БОМБА
ПОДЛОЖИТЬ;ПОДУШКА
ПОДЛОЖИТЬ;СВИНЬЯ
ПОДОЖДАТЬ;МИНУТКА
ПОДОЗРЕВАТЬСЯ;ДОЧЬ
ПОДОЗРЕВАТЬСЯ;ПРОИСШЕСТВИЕ
ПОДОРВАТЬ;ДОВЕРИЕ
ПОДОРВАТЬ;ЕДИНСТВО
ПОДОРВАТЬ;ЗДОРОВЬЕ
ПОДОСПЕТЬ;НАЗИМ
ПОДОСПЕТЬ;ОПЕРА
ПОДОСПЕТЬ;ПОДАРОК
ПОДОСПЕТЬ;ПОДКРЕПЛЕНИЕ
ПОДОСПЕТЬ;ПОМОЩЬ
ПОДОСПЕТЬ;ПРОСЬБА
ПОДОСПЕТЬ;РЕПУТАЦИЯ
ПОДОСПЕТЬ;СПЕШКА
ПОДОСПЕТЬ;ХАРАКТЕР
ПОДОСПЕТЬ;ШТОРМ
ПОДПЕРЕТЬ;ПОДБОРОДОК
ПОДПЕРЕТЬ;ЩЕКА
ПОДПИСАТЬ;ДОГОВОР
ПОДПИСАТЬ;ЗАКОН
ПОДПИСАТЬ;КОНТРАКТ
ПОДПИСАТЬ;СОГЛАШЕНИЕ
ПОДПИСАТЬ;УКАЗ
ПОДПИСЫВАТЬ;ДОГОВОР
ПОДПИСЫВАТЬ;КОНТРАКТ
ПОДПИСЫВАТЬ;СОГЛАШЕНИЕ
ПОДПИСЫВАТЬСЯ;КАНАЛ
ПОДПОРТИТЬ;ИМИДЖ
ПОДПОРТИТЬ;НАСТРОЕНИЕ
ПОДПОРТИТЬ;РЕПУТАЦИЯ
ПОДСТРАИВАТЬСЯ;ПОДВЕСКА
ПОДСТУПИТЬ;КОМОК
ПОДСТУПИТЬ;ЧУВСТВО
ПОДЫШАТЬ;ИЗОТОП
ПОЖИТЬ;НЕДЕЛЬКА
ПОКАТИТЬСЯ;БЛЮДО
ПОКАТИТЬСЯ;ПОПЫТКА
ПОКАТИТЬСЯ;СОТНЯ
ПОКАТИТЬСЯ;СТОРОНА
ПОЛЕЖАТЬ;НЕДЕЛЬКА
ПОЛИТЬСЯ;ЗВУК
ПОЛИТЬСЯ;РЕКА
ПОЛОЖИТЬСЯ;МЕДСЕСТРА
ПОЛЮБИТЬСЯ;ЗАИМСТВОВАНИЕ
ПОЛЮБИТЬСЯ;ОТЗЫВ
ПОМЕСТИТЬСЯ;ДЛИНА
ПОМЕСТИТЬСЯ;КАПСУЛА
ПОМЕСТИТЬСЯ;ЛЮБИТЕЛЬ
ПОМЕСТИТЬСЯ;РАЗМЕР
ПОМЕСТИТЬСЯ;ЧИСЛО
ПОМОЛЧАТЬ;МИНУТКА
ПОМЫТЬ;ПОЛ
ПОМЫТЬ;ПОСУДА
ПОНЕСТИ;УБЫТОК
ПОНИЖАТЬ;ДАВЛЕНИЕ
ПОНИЖАТЬ;СТАВКА
ПОНИЖАТЬ;ТЕМПЕРАТУРА
ПОНИЖАТЬ;УРОВЕНЬ
ПОНИЗИТЬ;ПРОГНОЗ
ПОНИЗИТЬ;РЕЙТИНГ
ПОНИЗИТЬ;СТАВКА
ПОПИТЬ;ВОДИЧКА
ПОПИТЬ;ЧАЙ
ПОПИТЬ;ЧАЙКА
ПОПЛАТИТЬСЯ;БЕЗОБРАЗИЕ
ПОПЛАТИТЬСЯ;ОПТИМИЗМ
ПОПЛЕСТИСЬ;ГОСТИНИЦА
ПОПЛЕСТИСЬ;МОЛОДЁЖЬ
ПОПЛЕСТИСЬ;НЕЖЕЛАНИЕ
ПОПЛЕСТИСЬ;ОДЕЯЛО
ПОПЛЕСТИСЬ;ПЕРЕДАЧА
ПОПЛЕСТИСЬ;СТОН
ПОПЛЕСТИСЬ;ТУБУС
ПОПЛЕСТИСЬ;УГОВОР
ПОПОЛЗТИ;ВЕРХ
ПОПОЛНИТЬ;ЗАПАС
ПОПОЛНИТЬ;РЯД
ПОПОЛНИТЬ;СОСТАВ
ПОПОЛНИТЬ;СПИСОК
ПОПОЛНИТЬСЯ;ЛИНЕЙКА
ПОПОЛНИТЬСЯ;ПАНДЕМИЮ
ПОПОЛНЯТЬ;БЮДЖЕТ
ПОПОЛНЯТЬ;ЗАПАС
ПОПОЛНЯТЬ;РЯД
ПОПОЛНЯТЬ;СЧЁТ
ПОПРИВЕТСТВОВАТЬ;ГОСТЬ
ПОПРИВЕТСТВОВАТЬ;УЧАСТНИК
ПОРАВНЯТЬСЯ;ЗАДЕРЖКА
ПОРАВНЯТЬСЯ;КОЛЕСО
ПОРАВНЯТЬСЯ;КОНЬ
ПОРАВНЯТЬСЯ;КОРАБЛЬ
ПОРАВНЯТЬСЯ;ЛАПА
ПОРАВНЯТЬСЯ;МЕРСЕДЕС
ПОРАВНЯТЬСЯ;НАРЯД
ПОРАВНЯТЬСЯ;СВЕТОФОР
ПОРАВНЯТЬСЯ;СЕДАН
ПОРАВНЯТЬСЯ;СУДНО
ПОРАЗИТЬ;ВОРОТА
ПОРАЗИТЬ;ЦЕЛЬ
ПОРАСТИ;АЛОЭ
ПОРАСТИ;ИВАН
ПОРАСТИ;ОКОП
ПОРАСТИ;ПРОШЛОЕ
ПОРХАТЬ;БАБОЧКА
ПОСАДИТЬ;САМОЛЁТ
ПОСЕЯТЬ;ПАНИКА
ПОСЕЯТЬ;СЕМЯ
ПОСЕЯТЬ;СОМНЕНИЕ
ПОСЕЯТЬ;ХАОС
ПОСИДЕТЬ;ЧАСОК
ПОСТАВЛЯТЬСЯ;ТЕЛЕЖКА
ПОСТОЯТЬ;МИНУТКА
ПОСЫПАТЬСЯ;ГРАД
ПОСЫПАТЬСЯ;СОР
ПОТЕПЛЕТЬ;ДОЖДЬ
ПОТЕПЛЕТЬ;СУББОТА
ПОТЕРЕТЬ;ВИСОК
ПОТЕРЕТЬ;ЛОБ
ПОТЕРЕТЬ;ПОДБОРОДОК
ПОТОПИТЬ;КОРАБЛЬ
ПОТОПИТЬ;ЛОДКА
ПОТОПИТЬ;СУДНО
ПОТРЕПАТЬ;НЕРВ
ПОТРЯСТИ;МИР
ПОТУШИТЬ;ВОЗГОРАНИЕ
ПОТУШИТЬ;ПЛАМЯ
ПОТУШИТЬ;ПОЖАР
ПОТЯГИВАТЬ;ВИНО
ПОТЯГИВАТЬ;КОКТЕЙЛЬ
ПОТЯГИВАТЬ;НАПИТОК
ПОТЯГИВАТЬ;ПИВО
ПОУЧИТЬСЯ;ГОДИК
ПОЧЕРПНУТЬ;ЗНАНИЕ
ПОЧЕРПНУТЬ;СВЕДЕНИЕ
ПОЧЕСАТЬ;ЗАТЫЛОК
ПОЧЕСАТЬ;ПОДБОРОДОК
ПОШАТНУТЬСЯ;ТАЛАНТ
ПОШУТИТЬ;ЗЛО
ПОЯСНИТЬ;ПРИЧИНА
ПРАЗДНОВАТЬСЯ;ВОСКРЕСЕНИЕ
ПРАЗДНОВАТЬСЯ;КУЧА
ПРЕВЫСИТЬ;ОТМЕТКА
ПРЕВЫСИТЬ;ПОКАЗАТЕЛЬ
ПРЕВЫСИТЬ;УРОВЕНЬ
ПРЕДОСТЕРЕГАТЬ;РОССИЯ
ПРЕДПОЛОЖИТЬ;НАЛИЧИЕ
ПРЕДПОЛОЖИТЬ;СУЩЕСТВОВАНИЕ
ПРЕДПРИНИМАТЬ;ПОПЫТКА
ПРЕДПРИНЯТЬ;ПОПЫТКА
ПРЕРВАТЬСЯ;СВЯЗЬ
ПРЕСЛЕДОВАТЬ;ЦЕЛЬ
ПРИГЛЯНУТЬСЯ;НЕВЗРАЧНОСТЬ
ПРИГЛЯНУТЬСЯ;СТАРОРЕЖИМНОСТЬ
ПРИДАТЬ;ВИД
ПРИДАТЬ;ИМПУЛЬС
ПРИДАТЬ;СТАТУС
ПРИДАТЬ;ФОРМА
ПРИДЕРЖАТЬ;КОНЬ
ПРИЗЕМЛИТЬСЯ;САМОЛЁТ
ПРИКЛЮЧИТЬСЯ;НЕДУГ
ПРИЛЕГАТЬ;ПОЯСНИЦА
ПРИЛЕГАТЬ;ТЕРРАСА
ПРИЛОЖИТЬ;МАКСИМУМ
ПРИМЧАТЬСЯ;КРИК
ПРИМЧАТЬСЯ;ОПАСНОСТЬ
ПРИНИМАТЬСЯ;КОНКУРС
ПРИОБРЕТАТЬСЯ;ПРОДУКЦИЯ
ПРИОБЩИТЬСЯ;ВЛАСТЬ
ПРИОБЩИТЬСЯ;ПРЕДСТАВИТЕЛЬ
ПРИОТКРЫТЬ;ЗАВЕСА
ПРИОТКРЫТЬ;РОТ
ПРИОТКРЫТЬСЯ;МАЛОСТЬ
ПРИОТКРЫТЬСЯ;РОТ
ПРИОТКРЫТЬСЯ;ТАКСИ
ПРИОТКРЫТЬСЯ;УСТА
ПРИОТКРЫТЬСЯ;ФАБРИКА
ПРИПАСТЬ;КОЛЕНО
ПРИПАСТЬ;ПАДУБ
ПРИПОДНЯТЬСЯ;ЛЕНТА
ПРИПОДНЯТЬСЯ;СЛАБОСТЬ
ПРИРАВНИВАТЬСЯ;АБСУРДИЗМ
ПРИРАВНИВАТЬСЯ;ЗАКОН
ПРИРАВНИВАТЬСЯ;ПОЛМИНУТЫ
ПРИРАВНИВАТЬСЯ;СТРОЙМАТЕРИАЛ
ПРИРАВНИВАТЬСЯ;ТЕСТ
ПРИРАВНИВАТЬСЯ;ТОПЛИВО
ПРИРАВНИВАТЬСЯ;ХАРАКТЕР
ПРИСЛОНИТЬСЯ;КОСЯК
ПРИСЛОНИТЬСЯ;ЛАДОНЬ
ПРИСЛОНИТЬСЯ;ПЛЕЧО
ПРИСЛОНИТЬСЯ;ПРОСЬБА
ПРИСЛОНИТЬСЯ;СИГАРЕТА
ПРИСПОСОБИТЬСЯ;ГЛУПОСТЬ
ПРИСПОСОБИТЬСЯ;ПРОИСХОЖДЕНИЕ
ПРИСПОСОБИТЬСЯ;УСЛОВИЕ
ПРИСТРОИТЬСЯ;КРОЛИК
ПРИСТРОИТЬСЯ;ЛОДКА
ПРИСТРОИТЬСЯ;МАЛИННИК
ПРИСУДИТЬ;КОМПЕНСАЦИЯ
ПРИСУДИТЬ;НАГРАДА
ПРИСУДИТЬ;ПРЕМИЯ
ПРИСУДИТЬ;ПРИЗ
ПРИСУЖДАТЬ;ЗВАНИЕ
ПРИСУЖДАТЬ;НАГРАДА
ПРИСУЖДАТЬ;ПРЕМИЯ
ПРИСУЖДАТЬ;СТЕПЕНЬ
ПРИТАИТЬСЯ;АРИЗА
ПРИТАИТЬСЯ;БРОВЬ
ПРИТАИТЬСЯ;ДОВОД
ПРИТАИТЬСЯ;ЗАКОН
ПРИТАИТЬСЯ;НЕТЕРПЕНИЕ
ПРИТАИТЬСЯ;НОЖИК
ПРИТАИТЬСЯ;ПОНИМАНИЕ
ПРИТАИТЬСЯ;САПОГ
ПРИТАИТЬСЯ;УЛЫБКА
ПРИУРОЧИТЬ;АКЦИЯ
ПРИУРОЧИТЬ;МЕРОПРИЯТИЕ
ПРИУРОЧИТЬ;ОТКРЫТИЕ
ПРИЧИНИТЬ;ВРЕД
ПРИЧИНИТЬ;ПОВРЕЖДЕНИЕ
ПРИЧИНЯТЬ;ВРЕД
ПРИЧИНЯТЬ;СТРАДАНИЕ
ПРИЧИТАТЬСЯ;БОРИС
ПРОВЕРНУТЬ;АФЕРА
ПРОВЕРНУТЬ;ОПЕРАЦИЯ
ПРОВЕРНУТЬ;СДЕЛКА
ПРОГНАТЬ;ПУТИН
ПРОГНОЗИРОВАТЬСЯ;КРИЗИС
ПРОГРЕТЬСЯ;ДОЖДЬ
ПРОГРЕТЬСЯ;ОБЛАЧНОСТЬ
ПРОГРЕТЬСЯ;ПОГОДА
ПРОИЗНЕСТИ;РЕЧЬ
ПРОИЗНЕСТИ;ФРАЗА
ПРОИЗНОСИТЬ;РЕЧЬ
ПРОИЗНОСИТЬ;ФРАЗА
ПРОИЗРАСТАТЬ;ЗЕЛЕНЬ
ПРОИЗРАСТАТЬ;ОТСУТСТВИЕ
ПРОИЗРАСТАТЬ;ПЛОД
ПРОИЗРАСТАТЬ;РАСТИТЕЛЬНОСТЬ
ПРОИСТЕКАТЬ;АВТОРИТЕТ
ПРОИСТЕКАТЬ;ВЫСКАЗЫВАНИЕ
ПРОИСТЕКАТЬ;ЗНАЧИМОСТЬ
ПРОИСТЕКАТЬ;МИЛЛИОН
ПРОИСТЕКАТЬ;НЕОБЫЧНОСТЬ
ПРОИСТЕКАТЬ;ПРЕДЛОЖЕНИЕ
ПРОИСТЕКАТЬ;ПРЕДПИСАНИЕ
ПРОИСТЕКАТЬ;ПРИВЫЧКА
ПРОИСТЕКАТЬ;ТЕЧЕНИЕ
ПРОЛЕГАТЬ;ЛЕС
ПРОЛЕГАТЬ;МАРШРУТ
ПРОЛЕГАТЬ;МОСТИК
ПРОЛЕГАТЬ;СОТНЯ
ПРОЛОЖИТЬ;ДОРОЖКА
ПРОЛОЖИТЬ;МАРШРУТ
ПРОМОКНУТЬ;ЛОБ
ПРОПЛЫВАТЬ;СУХОГРУЗ
ПРОРВАТЬ;БЛОКАДА
ПРОРВАТЬ;ЛИНИЯ
ПРОРВАТЬ;ОБОРОНА
ПРОРВАТЬ;ОЦЕПЛЕНИЕ
ПРОРВАТЬ;ТРУБА
ПРОРВАТЬ;ФРОНТ
ПРОСЛАВИТЬСЯ;ПОЛВЕКА
ПРОСЛУЖИТЬ;ВОЙНА
ПРОСЧИТЫВАТЬ;ВАРИАНТ
ПРОСЧИТЫВАТЬ;ПОСЛЕДСТВИЕ
ПРОСЧИТЫВАТЬ;РИСК
ПРОСЧИТЫВАТЬ;ХОД
ПРОТЕСТОВАТЬ;ВЫХОДНОЙ
ПРОТИСНУТЬСЯ;ВЕЧНОСТЬ
ПРОТИСНУТЬСЯ;ДЫРА
ПРОТИСНУТЬСЯ;КОМПЛЕКЦИЯ
ПРОТИСНУТЬСЯ;КОРИДОР
ПРОТИСНУТЬСЯ;МОЛОКО
ПРОТИСНУТЬСЯ;ПОПЫТКА
ПРОТИСНУТЬСЯ;ХОЗЯЙКА
ПРОТИСНУТЬСЯ;ШАХТА
ПРОТЯНУТЬСЯ;НОМЕР
ПРОТЯНУТЬСЯ;ТЫСЯЧА
ПРОХОДИТЬ;ИСПЫТАНИЕ
ПРОХОДИТЬ;ЛЕЧЕНИЕ
ПРОХОДИТЬ;ОБУЧЕНИЕ
ПРОХОДИТЬ;СЛУЖБА
ПРОЧИТЬ;БУДУЩЕЕ
ПРОЧИТЬ;КАРЬЕРА
ПРОШИПЕТЬ;ПРОКЛЯТИЕ
ПРОШИПЕТЬ;РУГАТЕЛЬСТВО
ПРЫГАТЬ;ПРЫЖОК
ПУБЛИКОВАТЬСЯ;ВОСКРЕСЕНИЕ
РАЗВАЛИВАТЬСЯ;ДЕСЯТИЛЕТИЕ
РАЗВАЛИВАТЬСЯ;СОТНЯ
РАЗВАЛИТЬ;РОССИЯ
РАЗВАЛИТЬ;СОЮЗ
РАЗВАЛИТЬ;СССР
РАЗВАЛИТЬ;СТРАНА
РАЗВЕВАТЬСЯ;КРЫЛО
РАЗВЕСИТЬ;ОБЪЯВЛЕНИЕ
РАЗВЕСИТЬ;ПЛАКАТ
РАЗВЕСИТЬ;УХО
РАЗВЕСТИ;КОСТЁР
РАЗВЕЯТЬ;МИФ
РАЗВЕЯТЬ;ОПАСЕНИЕ
РАЗВЕЯТЬ;СОМНЕНИЕ
РАЗГАДАТЬ;ЗАГАДКА
РАЗГАДАТЬ;ЗАМЫСЕЛ
РАЗГАДАТЬ;СЕКРЕТ
РАЗГАДАТЬ;ТАЙНА
РАЗГОНЯТЬСЯ;ВЕС
РАЗГОНЯТЬСЯ;МАССА
РАЗГОНЯТЬСЯ;ПОЛОВИНА
РАЗГОРЕТЬСЯ;КРЫША
РАЗДВИНУТЬ;ШТОРА
РАЗДЕТЬСЯ;МОРОЗ
РАЗЖАТЬ;КУЛАК
РАЗЖАТЬ;ЛАДОНЬ
РАЗЖАТЬ;ОБЪЯТИЕ
РАЗЖИГАТЬ;КОСТЁР
РАЗЖИГАТЬ;НЕНАВИСТЬ
РАЗЖИГАТЬ;РОЗНЬ
РАЗЛЕТЕТЬСЯ;КОЛЕСО
РАЗЛЕТЕТЬСЯ;МАНЁВР
РАЗЛИВАТЬ;ВИНО
РАЗЛИВАТЬ;ВОДКА
РАЗЛИВАТЬ;НАПИТОК
РАЗЛИВАТЬ;ЧАЙ
РАЗЛИВАТЬСЯ;ВЕСНА
РАЗЛИТЬ;ВИНО
РАЗЛИТЬ;ВОДКА
РАЗЛИТЬ;ЧАЙ
РАЗЛИТЬСЯ;БЛАГОДАРНОСТЬ
РАЗЛИТЬСЯ;ГНЕВ
РАЗЛИТЬСЯ;ИСКРА
РАЗЛИТЬСЯ;КОВШИК
РАЗЛИТЬСЯ;МАСЛО
РАЗЛИТЬСЯ;МОРЕ
РАЗЛИТЬСЯ;СИЯНИЕ
РАЗЛИТЬСЯ;СРЕДА
РАЗЛИТЬСЯ;СТАРЕЦ
РАЗЛИТЬСЯ;СТОЛЕТИЕ
РАЗЛИТЬСЯ;ТИШИНА
РАЗЛИТЬСЯ;ЮМОР
РАЗНИТЬСЯ;НАЗВАНИЕ
РАЗНИТЬСЯ;РАЗМЕР
РАЗНИТЬСЯ;УСЛОВИЕ
РАЗОГНАТЬСЯ;ВОДИТЕЛЬ
РАЗОГНАТЬСЯ;ОГРАНИЧЕНИЕ
РАЗОГНАТЬСЯ;РАЗОК
РАЗОЧАРОВАТЬ;ИНВЕСТОР
РАЗОЧАРОВАТЬСЯ;ПЯТНИЦА
РАЗРАСТИСЬ;АППАРАТ
РАЗРАСТИСЬ;НАЗВАНИЕ
РАЗРАСТИСЬ;ОПУХОЛЬ
РАЗРАСТИСЬ;ПОСЁЛОК
РАЗРЕШИТЬСЯ;ОПАСЕНИЕ
РАЗРУШИТЬСЯ;ЗАЩИТА
РАЗУЗНАТЬ;КОЕ-ЧТО
РАЗУЗНАТЬ;ПОДРОБНОСТЬ
РАСКИНУТЬСЯ;АППАРАТ
РАСКИНУТЬСЯ;КУПОЛ
РАСКИНУТЬСЯ;ЛЕС
РАСКИНУТЬСЯ;ПАРУС
РАСКИНУТЬСЯ;ПРАВДА
РАСКИНУТЬСЯ;ПРОТЕСТ
РАСКИНУТЬСЯ;СЕТЬ
РАСКИНУТЬСЯ;ЦАРСТВО
РАСПАХНУТЬ;ДВЕРЦА
РАСПЕВАТЬ;ГИМН
РАСПЕВАТЬ;ПЕСЕНКА
РАСПЕВАТЬ;ПЕСНЬ
РАСПЛЫТЬСЯ;ВОЛНЕНИЕ
РАСПЛЫТЬСЯ;ДРАМАТИЗМ
РАСПЛЫТЬСЯ;ЗНАК
РАСПЛЫТЬСЯ;ОТРАЖЕНИЕ
РАСПЛЫТЬСЯ;ПЕРЕЖИВАНИЕ
РАСПЛЫТЬСЯ;ПОДАРОЧЕК
РАСПРЕДЕЛИТЬСЯ;БАЛЛ
РАСПРЕДЕЛИТЬСЯ;ДМИТРИЙ
РАСПРЕДЕЛИТЬСЯ;ИЗЮМ
РАСПРЕДЕЛИТЬСЯ;КЛАСТЕР
РАСПРЕДЕЛИТЬСЯ;КОНКУРЕНЦИЯ
РАСПРЕДЕЛИТЬСЯ;МАРИНАД
РАСПРЕДЕЛИТЬСЯ;НАГРУЗКА
РАСПРЕДЕЛИТЬСЯ;ПОРОГ
РАССЕЛИТЬ;ЖИЛЕЦ
РАССЕРДИТЬСЯ;ДАДЛИ
РАССЕРДИТЬСЯ;МАТЬ
РАССЕСТЬСЯ;БЕС
РАССЕСТЬСЯ;ЖАРА
РАССЕСТЬСЯ;МАТЬ
РАССЕСТЬСЯ;ОПАСЕНИЕ
РАССЕСТЬСЯ;ОТОПЛЕНИЕ
РАССЕСТЬСЯ;ПРОТИВОДЕЙСТВИЕ
РАССЕСТЬСЯ;СВЕЖЕСТЬ
РАССЕЯТЬСЯ;МАЛОСТЬ
РАССЕЯТЬСЯ;ПРИСТАЛЬНОСТЬ
РАССЕЯТЬСЯ;ТУМАН
РАССКАЗАТЬ;ПРАВДА
РАССКАЗЫВАТЬ;СКАЗКА
РАССЛАБИТЬСЯ;МАЛОСТЬ
РАССЛЕДОВАТЬ;ОБСТОЯТЕЛЬСТВО
РАССЛЕДОВАТЬ;ПРЕСТУПЛЕНИЕ
РАССЛЕДОВАТЬ;УБИЙСТВО
РАССТАВИТЬ;АКЦЕНТ
РАССТАВИТЬ;ПРИОРИТЕТ
РАССТЕГНУТЬ;МОЛНИЯ
РАССТЕГНУТЬ;ПУГОВИЦА
РАССТЕГНУТЬ;РЕМЕНЬ
РАССТЕГНУТЬ;РУБАШКА
РАССТЁГИВАТЬ;МОЛНИЯ
РАССТЁГИВАТЬ;ПУГОВИЦА
РАССТЁГИВАТЬ;РЕМЕНЬ
РАССТЁГИВАТЬ;РУБАШКА
РАССУДИТЬ;СПОР
РАСТЕКАТЬСЯ;НЕБО
РАСТЕРЯТЬСЯ;МАЛОСТЬ
РАСТОПИТЬ;ЛЁД
РАСТОПИТЬ;МАСЛО
РАСТОПИТЬ;ПЕЧЬ
РАСТОРГНУТЬ;БРАК
РАСТОРГНУТЬ;ДОГОВОР
РАСТОРГНУТЬ;КОНТРАКТ
РАСТОРГНУТЬ;СОГЛАШЕНИЕ
РАСХОДОВАТЬСЯ;ПЛОД
РАСХОДОВАТЬСЯ;СЕЗОН
РАСХОХОТАТЬСЯ;КЛАССИК
РАСХОХОТАТЬСЯ;СЕРЬЁЗНОСТЬ
РАСЦВЕТАТЬ;ВЕСНА
РАТИФИЦИРОВАТЬ;ДОГОВОР
РАТИФИЦИРОВАТЬ;КОНВЕНЦИЯ
РАТИФИЦИРОВАТЬ;ПРОТОКОЛ
РАТИФИЦИРОВАТЬ;СОГЛАШЕНИЕ
РЕАЛИЗОВЫВАТЬСЯ;ЛЕКАРСТВО
РЕАЛИЗОВЫВАТЬСЯ;СТАЖ
РЕАЛИЗОВЫВАТЬСЯ;ТРУДНОСТЬ
РОДИТЬСЯ;ТЫСЯЧА
РУБИТЬ;ДРОВА
РУБИТЬ;ЛЕС
РЫТЬ;МОГИЛА
РЫТЬ;ОКОП
РЫТЬ;ТРАНШЕЯ
РЫТЬ;ЯМА
СБАВИТЬ;ОБОРОТ
СБАВИТЬ;ТЕМП
СБАВИТЬ;ТОН
СБАВИТЬ;ХОД
СБИТЬ;ЖЕНЩИНА
СБИТЬ;ПЕШЕХОД
СБИТЬ;САМОЛЁТ
СВАЛИТЬСЯ;СНЕГ
СВЕРГНУТЬ;ВЛАСТЬ
СВЕРГНУТЬ;ПРАВИТЕЛЬСТВО
СВЕРГНУТЬ;ПРЕЗИДЕНТ
СВЕРГНУТЬ;РЕЖИМ
СВЕРЛИТЬ;МОЗГ
СВЕРНУТЬСЯ;ВЗНОС
СВЕРНУТЬСЯ;ДУХОТА
СВЕРНУТЬСЯ;ПОЗА
СВЕРНУТЬСЯ;ПОЛК
СВЕРНУТЬСЯ;ПОЛОВИНА
СВЕРНУТЬСЯ;СТОРУБЛЁВКА
СВЕРНУТЬСЯ;ТРУБОЧКА
СВЕРНУТЬСЯ;ШАЛЬ
СВЕРШИТЬСЯ;ПРАВОСУДИЕ
СВЕРШИТЬСЯ;СТОЛЕТИЕ
СВЕРШИТЬСЯ;ЧУДО
СВЕСТИСЬ;ДРАМАТИЗМ
СВЕСТИСЬ;ОБСТАНОВКА
СВЕСТИСЬ;ПРИЗЫВ
СВЕСТИСЬ;ПРОИГРЫШ
СВЕСТИСЬ;ТЕМА
СВЕСТИСЬ;ЦЕЛЬ
СВЕСТИСЬ;ЧИТАТЕЛЬ
СВИСАТЬ;ВЕРЁВКА
СВИСАТЬ;РАМА
СВИСАТЬ;СИМВОЛ
СВОДИТЬ;КОНЕЦ
СВОДИТЬ;СЧЁТЫ
СГЛАДИТЬ;ВПЕЧАТЛЕНИЕ
СГЛАДИТЬ;ПОСЛЕДСТВИЕ
СГЛАДИТЬ;УГОЛ
СДАВИТЬ;ГОРЛО
СДАВИТЬ;ШЕЯ
СДАТЬСЯ;ЛЯД
СДАТЬСЯ;ХРЕН
СДЕЛАТЬ;ВЫВОД
СЕЛИТЬСЯ;ВЕСНА
СЕЛИТЬСЯ;ТЫСЯЧА
СЖАТЬ;КУЛАК
СИСТЕМАТИЗИРОВАТЬ;ЗНАНИЕ
СКАПЛИВАТЬСЯ;АККУРАТНОСТЬ
СКОЛОТИТЬ;БАНДА
СКОЛОТИТЬ;ГРУППА
СКОЛОТИТЬ;КАПИТАЛ
СКОМАНДОВАТЬ;ОТСТУПЛЕНИЕ
СКОМАНДОВАТЬ;ПРИВАЛ
СКОНЦЕНТРИРОВАТЬ;РЕСУРС
СКОРБЕТЬ;РАДОСТЬ
СКРИВИТЬСЯ;ДОБРО
СКРИВИТЬСЯ;САМООБЛАДАНИЕ
СКРЫТЬСЯ;ОБЕЩАНИЕ
СКРЫТЬСЯ;ПРОХОЖИЙ
СЛАВИТЬСЯ;ПОЛВЕКА
СЛАГАТЬ;ЛЕГЕНДА
СЛАГАТЬ;ПЕСНЬ
СЛАГАТЬ;ПОЛНОМОЧИЕ
СЛАГАТЬ;СТИХ
СЛОМАТЬСЯ;СЫРОЕЖКА
СЛУЖИТЬ;ЛИТУРГИЯ
СЛУЖИТЬ;МОЛЕБЕН
СЛУЖИТЬ;СЛУЖБА
СЛУШАТЬСЯ;МАМА
СЛЫТЬ;ВОЗРАСТ
СМЕСТИТЬСЯ;ВАЖНОСТЬ
СМЕШАТЬСЯ;БЛАГОУХАНИЕ
СМЕШАТЬСЯ;ЗАПРЕТ
СМЕШАТЬСЯ;НАЗВАНИЕ
СМЕШАТЬСЯ;ПОВЕСТКА
СМЕШАТЬСЯ;САША
СМЕШАТЬСЯ;ТОКСИЧНОСТЬ
СМЕШАТЬСЯ;ЧЕХОВ
СМОДЕЛИРОВАТЬ;МЕХАНИЗМ
СМОДЕЛИРОВАТЬ;ПРОТЕОЛИЗ
СНИСКАТЬ;ИЗВЕСТНОСТЬ
СНИСКАТЬ;ЛЮБОВЬ
СНИСКАТЬ;ПОПУЛЯРНОСТЬ
СНИСКАТЬ;СЛАВА
СНИСКАТЬ;УВАЖЕНИЕ
СОБЛАЗНЯТЬ;ЖЕНЩИНА
СОБЛЮДАТЬ;ПРАВИЛО
СОБЛЮДАТЬ;РЕЖИМ
СОВПАДАТЬ;РАЗЛИЧИЕ
СОГЛАСОВАТЬСЯ;ПОКАЗАНИЕ
СОГЛАСОВАТЬСЯ;РЕЗА
СОГНУТЬ;КОЛЕНО
СОЗВАТЬ;ЗАСЕДАНИЕ
СОЗВАТЬ;КОНФЕРЕНЦИЯ
СОЗВАТЬ;СОБРАНИЕ
СОЗВАТЬ;СОВЕТ
СОЗВАТЬ;СОВЕЩАНИЕ
СОЗДАТЬСЯ;ВОЗНИКНОВЕНИЕ
СОЗДАТЬСЯ;СПОКОЙСТВИЕ
СОЗРЕТЬ;ВИШНЯ
СОЗРЕТЬ;ВОЗРАСТ
СОЗРЕТЬ;УРОЖАЙ
СОЙТИСЬ;РАЗНИЦА
СОКРАТИТЬ;ОТСТАВАНИЕ
СОКРАТИТЬ;РАСХОД
СОКРАТИТЬ;ЧИСЛО
СОМКНУТЬСЯ;ВЕКО
СОМКНУТЬСЯ;ВОЙСКО
СОМКНУТЬСЯ;КУСОК
СОМКНУТЬСЯ;ПАДЕНИЕ
СОМКНУТЬСЯ;ПРИКАЗ
СОМКНУТЬСЯ;УДАР
СООБРАЖАТЬ;КОЕ-ЧТО
СООБРАЖАТЬ;ЧТО-ЛИБО
СООБРАЗИТЬ;ЧТО-ЛИБО
СООБЩАТЬ;НОВОСТЬ
СООБЩАТЬ;ПОДРОБНОСТЬ
СООБЩАТЬ;СВЕДЕНИЕ
СООБЩИТЬ;НОВОСТЬ
СООБЩИТЬ;ПОДРОБНОСТЬ
СОРЕВНОВАТЬСЯ;ДИКТАТ
СОРИЕНТИРОВАТЬСЯ;ВОЗРАСТ
СОРИЕНТИРОВАТЬСЯ;ОПЬЯНЕНИЕ
СОРИЕНТИРОВАТЬСЯ;ПОЛОМКА
СОСАТЬ;ЛАПА
СОСАТЬ;МОЛОКО
СОСКОЛЬЗНУТЬ;КАРТИНА
СОСКОЧИТЬ;БУМАГА
СОСКОЧИТЬ;НОЖ
СОСКУЧИТЬСЯ;МАЙК
СОСКУЧИТЬСЯ;ПОЕЗДКА
СОСТАВИТЬ;КОМПАНИЯ
СОСТАВИТЬ;КОНКУРЕНЦИЯ
СОСТАВИТЬ;ПРОТОКОЛ
СОСТАВИТЬ;РЕЙТИНГ
СОСТАВИТЬ;СПИСОК
СОСТОЯТЬСЯ;ПАНДЕМИЯ
СОСТЯЗАТЬСЯ;МАТЧ
СПАДАТЬ;ВЫПАД
СПЕТЬ;ГИМН
СПЕТЬ;ПЕСЕНКА
СПЕТЬ;ПЕСНЬ
СПЛЕСТИ;ВЕНОК
СПЛЕСТИ;ПАУТИНА
СПЛЕСТИ;СЕТЬ
СРАВНИВАТЬСЯ;РЕЗА
СРАВНЯТЬСЯ;СЕРЕДИНА
СТАРЕТЬ;КАПЕЛЬКА
СТАРЕТЬ;УРОВЕНЬ
СТЕКАТЬСЯ;ДОЖДЬ
СТИХНУТЬ;СМЕХ
СТОИТЬ;МИЛЛИОН
СТОЛКНУТЬСЯ;ЛОБ
СТРУИТЬСЯ;СТИЛЬ
СТРУИТЬСЯ;ТРУДНОСТЬ
СТРУИТЬСЯ;ХОЛОД
СТРЯХНУТЬ;ОЦЕПЕНЕНИЕ
СТРЯХНУТЬ;ПЕПЕЛ
СТРЯХНУТЬ;ПЫЛЬ
СУЗИТЬСЯ;ЛАВИНИЯ
СУЗИТЬСЯ;РАСШИРЕНИЕ
СУЗИТЬСЯ;СОСУД
СФОТОГРАФИРОВАТЬСЯ;КАСКО
СФОТОГРАФИРОВАТЬСЯ;ПОЛИТИК
ТЕМНЕТЬ;ПОДВИГ
ТЕМНЕТЬ;СЛЕД
ТОРОПИТЬ;СОБЫТИЕ
ТОЧИТЬ;КАМЕНЬ
ТОЧИТЬ;ЛЯСЫ
ТОЧИТЬ;НОЖ
ТЯНУТЬСЯ;ВЕЧНОСТЬ
УВЕНЧАТЬСЯ;ИЗДЕРЖКА
УВЕНЧАТЬСЯ;ОБЛАКО
УВЕНЧАТЬСЯ;ПРЕПЯТСТВИЕ
УВЕНЧАТЬСЯ;СОПРОТИВЛЕНИЕ
УВЕНЧАТЬСЯ;СТАРАНИЕ
УВЕНЧАТЬСЯ;ТРУДНОСТЬ
УВЯЗНУТЬ;ЗАВЕРЕНИЕ
УВЯЗНУТЬ;КОГОТОК
УВЯЗНУТЬ;ПЕРЕГОВОРЫ
УГОТОВАТЬ;СУДЬБА
УГОЩАТЬ;ГОСТЬ
УДВОИТЬ;ОБЪЁМ
УДВОИТЬ;ПРЕИМУЩЕСТВО
УДОВЛЕТВОРИТЬ;ИСК
УДОВЛЕТВОРИТЬ;ПОТРЕБНОСТЬ
УДОВЛЕТВОРИТЬ;ПРОСЬБА
УДОВЛЕТВОРИТЬ;ХОДАТАЙСТВО
УЕХАТЬ;ЗАГРАНИЦА
УЖЕСТОЧАТЬ;КОНТРОЛЬ
УЖЕСТОЧАТЬ;ПРАВИЛО
УЖЕСТОЧАТЬ;САНКЦИЯ
УЖЕСТОЧИТЬ;КОНТРОЛЬ
УЖЕСТОЧИТЬ;ПРАВИЛО
УЖЕСТОЧИТЬ;САНКЦИЯ
УЖИНАТЬ;ДЕВУШКА
УКРЕПЛЯТЬСЯ;ВОЛАТИЛЬНОСТЬ
УКРЕПЛЯТЬСЯ;ВЫЗОВ
УЛАДИТЬ;КОНФЛИКТ
УЛАДИТЬ;ФОРМАЛЬНОСТЬ
УЛЕЧЬСЯ;РАНЕНИЕ
УЛЕЧЬСЯ;ТРАВКА
УЛОЖИТЬСЯ;РАЗНИЦА
УЛУЧШИТЬ;КАЧЕСТВО
УЛУЧШИТЬ;УСЛОВИЕ
УНИЖАТЬ;ДОСТОИНСТВО
УПАКОВАТЬ;ВЕЩЬ
УПАКОВАТЬ;ЧЕМОДАН
УПЛАТИТЬ;ВЗНОС
УПЛАТИТЬ;НАЛОГ
УПРАВИТЬСЯ;ГЛУПОСТЬ
УПРАВИТЬСЯ;КЛАСС
УПРАВИТЬСЯ;МИЛЛИАРД
УПРАВИТЬСЯ;ОТЛИЧИЕ
УПРАВИТЬСЯ;ТЕМНОТА
УПРАВИТЬСЯ;УДАЛЁННОСТЬ
УПРАВЛЯТЬСЯ;МАССА
УПРОЧИТЬ;ЛИДЕРСТВО
УПРОЧИТЬ;ПРЕИМУЩЕСТВО
УПРОЩАТЬ;ПРОЦЕДУРА
УПУСТИТЬ;ШАНС
УРЕГУЛИРОВАТЬ;КОНФЛИКТ
УРЕГУЛИРОВАТЬ;СПОР
УРЕЗАТЬ;БЮДЖЕТ
УРЕЗАТЬ;ЗАРПЛАТА
УРЕЗАТЬ;РАСХОД
УРЕЗАТЬ;ФИНАНСИРОВАНИЕ
УСЛОЖНЯТЬСЯ;ВЫПОЛНИМОСТЬ
УСТАВИТЬ;ВЗОР
УСТАВИТЬ;СТОЛ
УТИХНУТЬ;ВЕТЕР
УХУДШАТЬ;КАЧЕСТВО
УХУДШИТЬ;ПРОГНОЗ
ФИНАНСИРОВАТЬСЯ;ЗАВЕРЕНИЕ
ФИНАНСИРОВАТЬСЯ;РЕЛЯЦИЯ
ХОХОТАТЬ;СТРАНА
ЦВЕСТИ;ВЕСНА
ЦЕЛИТЬСЯ;РАНЕНИЕ
ЦЕЛИТЬСЯ;СТРЕЛКА
ЦЕНИТЬСЯ;МОТОР
ЦЕНИТЬСЯ;НОВАЦИЯ
ЧЕРПАТЬ;ВДОХНОВЕНИЕ
ШАГАТЬ;СЛЕД
ШЕПТАТЬ;МОЛИТВА
ШУТИТЬ;ШУТКА
ЩЁЛКАТЬ;ОРЕХ
ЩЁЛКАТЬ;ОРЕШЕК
ЩЁЛКАТЬ;СЕМЕЧКО
ЩЁЛКНУТЬ;ЗАМОК
ЭКОНОМИТЬ;ТОПЛИВО
