hypernym;word
АВТОНОМНОЕ СООБЩЕСТВО;КАТАЛОНИЯ
АВТОНОМНОЕ СООБЩЕСТВО;АРАГОН
АВТОНОМНОЕ СООБЩЕСТВО;ЭСТРЕМАДУРА
АВТОНОМНОЕ СООБЩЕСТВО;НАВАРРА
АВТОНОМНОЕ СООБЩЕСТВО;БАЛЕАРЫ
АГРЕГАТНОЕ СОСТОЯНИЕ;ГАЗ
АГРЕГАТНОЕ СОСТОЯНИЕ;ЖИДКОСТЬ
АГРЕГАТНОЕ СОСТОЯНИЕ;ПАР
АГРЕГАТНОЕ СОСТОЯНИЕ;СВЕРХТЕКУЧЕСТЬ
АГРЕГАТНОЕ СОСТОЯНИЕ;ФЛЮИД
АДМИНИСТРАТИВНАЯ ЕДИНИЦА;КОМИТАТ
АДМИНИСТРАТИВНАЯ ЕДИНИЦА;КОМИССАРСТВО
АДМИНИСТРАТИВНАЯ ЕДИНИЦА;КОММУНА
АДМИНИСТРАТИВНАЯ ЕДИНИЦА;ДЕМ
АДМИНИСТРАТИВНАЯ ЕДИНИЦА;НОВОРОССИЯ
АДМИНИСТРАТИВНО-ТЕРРИТОРИАЛЬНАЯ ЕДИНИЦА;РЕСПУБЛИКА
АДМИНИСТРАТИВНО-ТЕРРИТОРИАЛЬНАЯ ЕДИНИЦА;КРАЙ
АДМИНИСТРАТИВНО-ТЕРРИТОРИАЛЬНАЯ ЕДИНИЦА;ОБЛАСТЬ
АДМИНИСТРАТИВНО-ТЕРРИТОРИАЛЬНАЯ ЕДИНИЦА;ШТАТ
АДМИНИСТРАТИВНО-ТЕРРИТОРИАЛЬНАЯ ЕДИНИЦА;КАНТОН
АДМИНИСТРАТИВНО-ТЕРРИТОРИАЛЬНАЯ ЕДИНИЦА;БУРГ
АДМИНИСТРАТИВНО-ТЕРРИТОРИАЛЬНАЯ ЕДИНИЦА;КАПИТАНИЯ
АДМИНИСТРАТИВНО-ТЕРРИТОРИАЛЬНАЯ ЕДИНИЦА;ГО
АДМИНИСТРАТИВНО-ТЕРРИТОРИАЛЬНАЯ ЕДИНИЦА;САР
АДМИНИСТРАТИВНО-ТЕРРИТОРИАЛЬНАЯ ЕДИНИЦА;ОСТАН
АДМИНИСТРАТИВНО-ТЕРРИТОРИАЛЬНАЯ ЕДИНИЦА;ПАГ
АДМИНИСТРАТИВНО-ТЕРРИТОРИАЛЬНАЯ ЕДИНИЦА;ПОРТ-САИД
АДМИНИСТРАТИВНЫЙ ЦЕНТР;МОГИЛЁВ
АДМИНИСТРАТИВНЫЙ ЦЕНТР;ИЖЕВСК
АДМИНИСТРАТИВНЫЙ ЦЕНТР;НАДЫМ
АДМИНИСТРАТИВНЫЙ ЦЕНТР;НОВОРОССИЙСК
АДМИНИСТРАТИВНЫЙ ЦЕНТР;ОЛЁКМИНСК
АДМИНИСТРАТИВНЫЙ ЦЕНТР;МАМЛЮТКА
АДМИНИСТРАТИВНЫЙ ЦЕНТР;СИМФЕРОПОЛЬ
АДМИНИСТРАТИВНЫЙ ЦЕНТР;ТАТАРСК
АДМИНИСТРАТИВНЫЙ ЦЕНТР;ИСИЛЬКУЛЬ
АДМИНИСТРАТИВНЫЙ ЦЕНТР;КАЛАЧИНСК
АДМИНИСТРАТИВНЫЙ ЦЕНТР;НАЗЫВАЕВСК
АДМИНИСТРАТИВНЫЙ ЦЕНТР;КУВАНДЫК
АДМИНИСТРАТИВНЫЙ ЦЕНТР;СУПРЕФЕКТУРА
АДМИНИСТРАТИВНЫЙ ЦЕНТР;БАНГАЛОР
АЛКОГОЛЬНЫЙ НАПИТОК;МЁД
АЛКОГОЛЬНЫЙ НАПИТОК;ВОДКА
АЛКОГОЛЬНЫЙ НАПИТОК;СПИРТ
АЛКОГОЛЬНЫЙ НАПИТОК;КАЛЬВАДОС
АЛКОГОЛЬНЫЙ НАПИТОК;ГОРЬКАЯ
АЛКОГОЛЬНЫЙ НАПИТОК;ПОЛУШАМПАНСКОЕ
АТМОСФЕРНОЕ ЯВЛЕНИЕ;МОЛНИЯ
АТМОСФЕРНОЕ ЯВЛЕНИЕ;ВЕТЕР
АТМОСФЕРНОЕ ЯВЛЕНИЕ;ТУЧА
АТМОСФЕРНОЕ ЯВЛЕНИЕ;ЗАРЯ
АТМОСФЕРНОЕ ЯВЛЕНИЕ;СМЕРЧ
АТМОСФЕРНОЕ ЯВЛЕНИЕ;ГРОМ
АТМОСФЕРНОЕ ЯВЛЕНИЕ;БУРЯ
АТМОСФЕРНОЕ ЯВЛЕНИЕ;ЦИКЛОН
АТМОСФЕРНОЕ ЯВЛЕНИЕ;ГРОЗА
АТМОСФЕРНОЕ ЯВЛЕНИЕ;ГАЛО
АТМОСФЕРНОЕ ЯВЛЕНИЕ;ГОЛОЛЁД
АТМОСФЕРНОЕ ЯВЛЕНИЕ;АВРОРА
АТМОСФЕРНОЕ ЯВЛЕНИЕ;СМОГ
АТМОСФЕРНОЕ ЯВЛЕНИЕ;ЗОРЯ
АТМОСФЕРНОЕ ЯВЛЕНИЕ;ОСАДКИ
БАЛЬНЫЙ ТАНЕЦ;МЕНУЭТ
БАЛЬНЫЙ ТАНЕЦ;ПАДЕГРАС
БАЛЬНЫЙ ТАНЕЦ;ПАСОДОБЛЬ
БАЛЬНЫЙ ТАНЕЦ;ЧАРЛЬСТОН
БАЛЬНЫЙ ТАНЕЦ;ЛАНСЬЕ
БЛАГОРОДНЫЙ ГАЗ;ГЕЛИЙ
БЛАГОРОДНЫЙ ГАЗ;НЕОН
БЛАГОРОДНЫЙ ГАЗ;КРИПТОН
БЛАГОРОДНЫЙ ГАЗ;РАДОН
БЛАГОРОДНЫЙ МЕТАЛЛ;ПЛАТИНА
БЛАГОРОДНЫЙ МЕТАЛЛ;ИРИДИЙ
БЛАГОРОДНЫЙ МЕТАЛЛ;ПАЛЛАДИЙ
БЛАГОРОДНЫЙ МЕТАЛЛ;РУТЕНИЙ
БЛАГОРОДНЫЙ МЕТАЛЛ;ДРАГМЕТАЛЛ
БОЕВОЕ ИСКУССТВО;АЙКИДО
БОЕВОЕ ИСКУССТВО;КРАВ-МАГА
БОЕВОЕ ИСКУССТВО;КАПОЭЙРА
БОЕВОЕ ИСКУССТВО;УШУ
БОЕВОЕ ИСКУССТВО;СУМО
БОЕВОЕ ИСКУССТВО;БУДЗЮЦУ
БОЕВОЕ ИСКУССТВО;ТАЙЦЗИ
БОЕВОЕ ИСКУССТВО;ДЗЮ-ДЗЮЦУ
БОЕВОЕ ИСКУССТВО;САВАТ
БОЕВОЕ ИСКУССТВО;НАГИНАТАДЗЮЦУ
БЫТОВАЯ ТЕХНИКА;ПЫЛЕСОС
БЫТОВАЯ ТЕХНИКА;ХОЛОДИЛЬНИК
БЫТОВАЯ ТЕХНИКА;ЧАЙНИК
БЫТОВАЯ ТЕХНИКА;МАГНИТОФОН
БЫТОВАЯ ТЕХНИКА;ДУХОВКА
БЫТОВАЯ ТЕХНИКА;НАГРЕВАТЕЛЬ
БЫТОВАЯ ТЕХНИКА;УТЮГ
БЫТОВАЯ ТЕХНИКА;КОФЕВАРКА
БЫТОВАЯ ТЕХНИКА;ПАРОВАРКА
БЫТОВАЯ ТЕХНИКА;АВТОКЛАВ
БЫТОВАЯ ТЕХНИКА;ВЫТЯЖКА
БЫТОВАЯ ТЕХНИКА;КОФЕМОЛКА
БЫТОВАЯ ТЕХНИКА;МИКРОВОЛНОВКА
БЫТОВАЯ ТЕХНИКА;МОРОЗИЛКА
БЫТОВАЯ ТЕХНИКА;ПОСУДОМОЙКА
БЫТОВАЯ ТЕХНИКА;СОКОВАРКА
БЫТОВАЯ ТЕХНИКА;СОКОВЫЖИМАЛКА
БЫТОВАЯ ТЕХНИКА;ТЕСТОМЕСИЛКА
БЫТОВАЯ ТЕХНИКА;ЭЛЕКТРОБРИТВА
БЫТОВАЯ ТЕХНИКА;ВЕНТИЛЯТОР
БЫТОВАЯ ТЕХНИКА;КОНДИЦИОНЕР
БЫТОВАЯ ТЕХНИКА;МИКСЕР
БЫТОВАЯ ТЕХНИКА;ПАРООЧИСТИТЕЛЬ
БЫТОВАЯ ТЕХНИКА;ТОСТЕР
БЫТОВАЯ ТЕХНИКА;ФЕН
БЫТОВАЯ ТЕХНИКА;ЭЛЕКТРОГРИЛЬ
БЫТОВАЯ ТЕХНИКА;БЛЕНДЕР
БЫТОВАЯ ТЕХНИКА;АЭРОГРИЛЬ
БЫТОВАЯ ТЕХНИКА;ХЛЕБОПЕЧЬ
БЫТОВАЯ ТЕХНИКА;ЙОГУРТНИЦА
БЫТОВАЯ ТЕХНИКА;МУЛЬТИВАРКА
БЫТОВАЯ ТЕХНИКА;ФРИТЮРНИЦА
БЫТОВАЯ ТЕХНИКА;КОФЕМАШИНА
БЫТОВАЯ ТЕХНИКА;СВЧ-ПЕЧЬ
БЫТОВАЯ ТЕХНИКА;ОТПАРИВАТЕЛЬ
БЫТОВАЯ ТЕХНИКА;ХОЛОДОС
ВЕРХНЯЯ ОДЕЖДА;БРЮКИ
ВЕРХНЯЯ ОДЕЖДА;ПАЛЬТО
ВЕРХНЯЯ ОДЕЖДА;ШТАНЫ
ВЕРХНЯЯ ОДЕЖДА;ДОЖДЕВИК
ВЕРХНЯЯ ОДЕЖДА;ПИДЖАК
ВЕРХНЯЯ ОДЕЖДА;СЮРТУК
ВЕРХНЯЯ ОДЕЖДА;КУРТКА
ВЕРХНЯЯ ОДЕЖДА;ШУБА
ВЕРХНЯЯ ОДЕЖДА;ТУЛУП
ВЕРХНЯЯ ОДЕЖДА;ЕПАНЧА
ВЕРХНЯЯ ОДЕЖДА;АЛЬМАВИВА
ВЕРХНЯЯ ОДЕЖДА;КОСТЮМ-ДВОЙКА
ВЕРХНЯЯ ОДЕЖДА;СИБИРКА
ВЕРХНЯЯ ОДЕЖДА;ФЕРЯЗЬ
ВЕРХНЯЯ ОДЕЖДА;ЧУЙКА
ВЕРХНЯЯ ОДЕЖДА;СТОЛА
ВЕРХНЯЯ ОДЕЖДА;ШУГАЙ
ВЕРХНЯЯ ОДЕЖДА;АЛЯСКА
ВЕРХНЯЯ ОДЕЖДА;АНОРАК
ВЕРХНЯЯ ОДЕЖДА;ВАТЕРПРУФ
ВЕРХНЯЯ ОДЕЖДА;ПОРТЫ
ВЕРХНЯЯ ОДЕЖДА;ПИХОРА
ВЕРХНЯЯ ОДЕЖДА;САЛОПЧИК
ВЕРХНЯЯ ОДЕЖДА;ФИГАРО
ВЕРХНЯЯ ОДЕЖДА;ПЕРЧАТОЧКА
ВЕРХНЯЯ ОДЕЖДА;ДЖИНЫ
ВЕРХНЯЯ ОДЕЖДА;ПОЛУПЕРДЕНЬ
ВЕРХНЯЯ ОДЕЖДА;ЧАРЧАФ
ВЕРХНЯЯ ОДЕЖДА;ШАРШАФ
ВЗРЫВЧАТОЕ ВЕЩЕСТВО;ДИНАМИТ
ВЗРЫВЧАТОЕ ВЕЩЕСТВО;ПОРОХ
ВЗРЫВЧАТОЕ ВЕЩЕСТВО;ЗАРЯД
ВЗРЫВЧАТОЕ ВЕЩЕСТВО;АММОНАЛ
ВЗРЫВЧАТОЕ ВЕЩЕСТВО;ГЕЛИГНИТ
ВЗРЫВЧАТОЕ ВЕЩЕСТВО;ГИДРАЗИН
ВЗРЫВЧАТОЕ ВЕЩЕСТВО;ДИАМИД
ВЗРЫВЧАТОЕ ВЕЩЕСТВО;ЛИДДИТ
ВЗРЫВЧАТОЕ ВЕЩЕСТВО;ПИРОКСИЛИН
ВЗРЫВЧАТОЕ ВЕЩЕСТВО;ТРИНИТРОТОЛУОЛ
ВЗРЫВЧАТОЕ ВЕЩЕСТВО;ТРОТИЛ
ВЗРЫВЧАТОЕ ВЕЩЕСТВО;АЛЮМОТОЛ
ВЗРЫВЧАТОЕ ВЕЩЕСТВО;ГЕКСАМЕТИЛЕНТРИПЕРОКСИДДИАМИН
ВЗРЫВЧАТОЕ ВЕЩЕСТВО;ГЕКСОГЕН
ВЗРЫВЧАТОЕ ВЕЩЕСТВО;ТРИНИТРОФЕНОЛ
ВЗРЫВЧАТОЕ ВЕЩЕСТВО;ШИМОЗА
ВИД СПОРТА;КАРАТЕ
ВИД СПОРТА;БИАТЛОН
ВИД СПОРТА;ПРЫЖОК
ВИД СПОРТА;БОКС
ВИД СПОРТА;РАПИРА
ВИД СПОРТА;ФЕХТОВАНИЕ
ВИД СПОРТА;ГРЕБЛЯ
ВИД СПОРТА;ТЕННИС
ВИД СПОРТА;ГИМНАСТИКА
ВИД СПОРТА;БАДМИНТОН
ВИД СПОРТА;БОУЛИНГ
ВИД СПОРТА;ПИНГ-ПОНГ
ВИД СПОРТА;СКЕЙТБОРД
ВИД СПОРТА;СУМО
ВИД СПОРТА;СНОУБОРД
ВИД СПОРТА;ПАРКУР
ВИД СПОРТА;БАСКЕТ
ВИД СПОРТА;СЁРФИНГ
ВИД СПОРТА;КАЙТИНГ
ВИД СПОРТА;ПЕЙНТБОЛ
ВИД СПОРТА;НАТУРБАН
ВИД СПОРТА;ТРИАЛ
ВИД СПОРТА;ФУТБИК
ВИД СПОРТА;ХОББИХОРСИНГ
ВОЕННЫЙ ОКРУГ;КДВО
ВОЕННЫЙ ОКРУГ;БЕЛВО
ВОЕННЫЙ ОКРУГ;ДАЛЬВО
ВОЕННЫЙ ОКРУГ;ЗАБВО
ВОИНСКОЕ ЗВАНИЕ;ГЕНЕРАЛ
ВОИНСКОЕ ЗВАНИЕ;СОТНИК
ВОИНСКОЕ ЗВАНИЕ;ЛЕЙТЕНАНТ
ВОИНСКОЕ ЗВАНИЕ;ЕФРЕЙТОР
ВОИНСКОЕ ЗВАНИЕ;ПОДПОЛКОВНИК
ВОИНСКОЕ ЗВАНИЕ;ПОДПОРУЧИК
ВОИНСКОЕ ЗВАНИЕ;ПОДПРАПОРЩИК
ВОИНСКОЕ ЗВАНИЕ;ФЕЛЬДФЕБЕЛЬ
ВОИНСКОЕ ЗВАНИЕ;ШТАБС-КАПИТАН
ВОИНСКОЕ ЗВАНИЕ;КОРНЕТ
ВОИНСКОЕ ЗВАНИЕ;ГИДРОМАЙОР
ВОИНСКОЕ ЗВАНИЕ;ЛЕЙТЁХА
ВООРУЖЁННЫЕ СИЛЫ;МЕЧ
ВООРУЖЁННЫЕ СИЛЫ;ВОЙСКО
ВООРУЖЁННЫЕ СИЛЫ;ФЛОТ
ВООРУЖЁННЫЕ СИЛЫ;БУНДЕСВЕР
ВООРУЖЁННЫЕ СИЛЫ;ВЕРМАХТ
ВООРУЖЁННЫЕ СИЛЫ;РЕЙХСВЕР
ВООРУЖЁННЫЕ СИЛЫ;РККА
ВООРУЖЁННЫЕ СИЛЫ;ВМС
ВООРУЖЁННЫЕ СИЛЫ;НОАК
ВООРУЖЁННЫЕ СИЛЫ;ЦАХАЛ
ВРЕМЯ ГОДА;ЗИМА
ВРЕМЯ ГОДА;ВЕСНА
ВРЕМЯ ГОДА;ОСЕНЬ
ВРЕМЯ ГОДА;ЛЕТО
ВРЕМЯ СУТОК;УТРО
ВРЕМЯ СУТОК;РАССВЕТ
ВРЕМЯ СУТОК;ПРЕДВЕЧЕРИЕ
ВРЕМЯ СУТОК;ЗОРЯ
ГЕНДЕРНАЯ ИДЕНТИЧНОСТЬ;ТРАНСГЕНДЕРНОСТЬ
ГЕНДЕРНАЯ ИДЕНТИЧНОСТЬ;ГЕНДЕРКВИР
ГЕНДЕРНАЯ ИДЕНТИЧНОСТЬ;НЕБИНАРНОСТЬ
ГЕНДЕРНАЯ ИДЕНТИЧНОСТЬ;АГЕНДЕР
ГЕНДЕРНАЯ ИДЕНТИЧНОСТЬ;БИГЕНДЕРНОСТЬ
ГЕОЛОГИЧЕСКАЯ ЭПОХА;ГОЛОЦЕН
ГЕОЛОГИЧЕСКАЯ ЭПОХА;МИОЦЕН
ГЕОЛОГИЧЕСКАЯ ЭПОХА;ПЛЕЙСТОЦЕН
ГЕОЛОГИЧЕСКАЯ ЭПОХА;ЭОЦЕН
ГЕОЛОГИЧЕСКИЙ ПЕРИОД;МЕЛ
ГЕОЛОГИЧЕСКИЙ ПЕРИОД;ЮРА
ГЕОЛОГИЧЕСКИЙ ПЕРИОД;ДЕВОН
ГЕОЛОГИЧЕСКИЙ ПЕРИОД;КЕМБРИЙ
ГЕОЛОГИЧЕСКИЙ ПЕРИОД;НЕОГЕН
ГЕОЛОГИЧЕСКИЙ ПЕРИОД;ОРДОВИК
ГЕОЛОГИЧЕСКИЙ ПЕРИОД;ПАЛЕОГЕН
ГЕОЛОГИЧЕСКИЙ ПЕРИОД;СИЛУР
ГЕОЛОГИЧЕСКИЙ ПЕРИОД;ТРИАС
ГЕОЛОГИЧЕСКИЙ ПЕРИОД;АНТРОПОГЕН
ГЕОЛОГИЧЕСКИЙ ПЕРИОД;КАРБОН
ГЕОЛОГИЧЕСКИЙ ПЕРИОД;ПЕРМЬ
ГЕОМЕТРИЧЕСКАЯ ФИГУРА;ПЯТИУГОЛЬНИК
ГЕОМЕТРИЧЕСКАЯ ФИГУРА;ОТРЕЗОК
ГЕОМЕТРИЧЕСКАЯ ФИГУРА;МНОГОУГОЛЬНИК
ГЕОМЕТРИЧЕСКАЯ ФИГУРА;ЧЕТЫРЁХУГОЛЬНИК
ГЕОМЕТРИЧЕСКАЯ ФИГУРА;РОМБ
ГЕОМЕТРИЧЕСКАЯ ФИГУРА;ТРАПЕЦИЯ
ГЕОМЕТРИЧЕСКАЯ ФИГУРА;СЕГМЕНТ
ГЕОМЕТРИЧЕСКАЯ ФИГУРА;ПЕНТАГРАММА
ГЕОМЕТРИЧЕСКАЯ ФИГУРА;ТОР
ГЕОМЕТРИЧЕСКОЕ ТЕЛО;СЕГМЕНТ
ГЕОМЕТРИЧЕСКОЕ ТЕЛО;МНОГОГРАННИК
ГЕОМЕТРИЧЕСКОЕ ТЕЛО;ПОЛИЭДР
ГЕОМЕТРИЧЕСКОЕ ТЕЛО;ПОЛУЦИЛИНДР
ГИМНАСТИЧЕСКИЙ СНАРЯД;КОНЬ
ГИМНАСТИЧЕСКИЙ СНАРЯД;БРЕВНО
ГИМНАСТИЧЕСКИЙ СНАРЯД;ТРАПЕЦИЯ
ГИМНАСТИЧЕСКИЙ СНАРЯД;БРУСЬЯ
ГИМНАСТИЧЕСКИЙ СНАРЯД;ТУРНИК
ГИМНАСТИЧЕСКИЙ СНАРЯД;КОЛЬЦА
ГОЛОВНОЙ УБОР;ФУРАЖКА
ГОЛОВНОЙ УБОР;АЭРОДРОМ
ГОЛОВНОЙ УБОР;ЧАЛМА
ГОЛОВНОЙ УБОР;ШАПКА
ГОЛОВНОЙ УБОР;ШАШМУРА
ГОЛОВНОЙ УБОР;МАЛАХАЙ
ГОЛОВНОЙ УБОР;ЕРМОЛКА
ГОЛОВНОЙ УБОР;ШЛЕМ
ГОЛОВНОЙ УБОР;КОКОШНИК
ГОЛОВНОЙ УБОР;ТИАРА
ГОЛОВНОЙ УБОР;ЦИЛИНДР
ГОЛОВНОЙ УБОР;КИВЕР
ГОЛОВНОЙ УБОР;КОЛПАК
ГОЛОВНОЙ УБОР;ЧЕПЕЦ
ГОЛОВНОЙ УБОР;БЕРЕТ
ГОЛОВНОЙ УБОР;ШЛЯПА
ГОЛОВНОЙ УБОР;КОРОНА
ГОЛОВНОЙ УБОР;КАРТУЗ
ГОЛОВНОЙ УБОР;ПОВЯЗКА
ГОЛОВНОЙ УБОР;КАНОТЬЕ
ГОЛОВНОЙ УБОР;КОТЕЛОК
ГОЛОВНОЙ УБОР;КАСКА
ГОЛОВНОЙ УБОР;УШАНКА
ГОЛОВНОЙ УБОР;БЕЙСБОЛКА
ГОЛОВНОЙ УБОР;БУДЁНОВКА
ГОЛОВНОЙ УБОР;ДИАДЕМА
ГОЛОВНОЙ УБОР;ЗЮЙДВЕСТКА
ГОЛОВНОЙ УБОР;КЕПКА
ГОЛОВНОЙ УБОР;КИЧКА
ГОЛОВНОЙ УБОР;МИТРА
ГОЛОВНОЙ УБОР;ПАНАМА
ГОЛОВНОЙ УБОР;ПАПАХА
ГОЛОВНОЙ УБОР;ПИЛОТКА
ГОЛОВНОЙ УБОР;СИБИРКА
ГОЛОВНОЙ УБОР;ТЮБЕТЕЙКА
ГОЛОВНОЙ УБОР;ФЕСКА
ГОЛОВНОЙ УБОР;ШАПЧОНКА
ГОЛОВНОЙ УБОР;АПОСТОЛЬНИК
ГОЛОВНОЙ УБОР;БАШЛЫК
ГОЛОВНОЙ УБОР;БОЛИВАР
ГОЛОВНОЙ УБОР;ЗОНТИК
ГОЛОВНОЙ УБОР;КАПОР
ГОЛОВНОЙ УБОР;КАПЮШОН
ГОЛОВНОЙ УБОР;КЛОБУК
ГОЛОВНОЙ УБОР;ТЮРБАН
ГОЛОВНОЙ УБОР;ЧЕПЧИК
ГОЛОВНОЙ УБОР;ШАПОКЛЯК
ГОЛОВНОЙ УБОР;СОМБРЕРО
ГОЛОВНОЙ УБОР;ФАТА
ГОЛОВНОЙ УБОР;КАПЕЛЮХА
ГОЛОВНОЙ УБОР;КАЛФАК
ГОЛОВНОЙ УБОР;ТАФЬЯ
ГОЛОВНОЙ УБОР;ПАТКА
ГОЛОВНОЙ УБОР;ЧЕПЛАШКА
ГОЛОВНОЙ УБОР;НИКАБ
ГОЛОВНОЙ УБОР;ХЭТОК
ГОЛОВНОЙ УБОР;КУФИЯ
ГОЛОВНОЙ УБОР;КЕПЧОНКА
ГОЛОВНОЙ УБОР;КЕПАРЬ
ГОЛОВНОЙ УБОР;КОСНИК
ГОЛОВНОЙ УБОР;СКЛАВАЖ
ГОЛОВНОЙ УБОР;ФОНТАНЖ
ГОЛОВНОЙ УБОР;ФЕДОРА
ГОЛОВНОЙ УБОР;БОРСАЛИНО
ГОРНАЯ ПОРОДА;АСФАЛЬТ
ГОРНАЯ ПОРОДА;КОМАТИИТ
ГОРНАЯ ПОРОДА;МЕЛ
ГОРНАЯ ПОРОДА;ПЕСЧАНИК
ГОРНАЯ ПОРОДА;ГЛИНА
ГОРНАЯ ПОРОДА;БРЕКЧИЯ
ГОРНАЯ ПОРОДА;СУПЕСЬ
ГОРНАЯ ПОРОДА;АЛЕВРИТ
ГОРНАЯ ПОРОДА;АНДЕЗИТ
ГОРНАЯ ПОРОДА;ГАЛЕЧНИК
ГОРНАЯ ПОРОДА;ГНЕЙС
ГОРНАЯ ПОРОДА;КЕРАТОФИР
ГОРНАЯ ПОРОДА;КИМБЕРЛИТ
ГОРНАЯ ПОРОДА;МЕРГЕЛЬ
ГОРНАЯ ПОРОДА;ОБСИДИАН
ГОРНАЯ ПОРОДА;РЕБРОВИК
ГОРНАЯ ПОРОДА;СЕРПЕНТИНИТ
ГОРНАЯ ПОРОДА;СЛАНЕЦ
ГОРНАЯ ПОРОДА;ТЕФРИТ
ГОРНАЯ ПОРОДА;ТРЕПЕЛ
ГОРНАЯ ПОРОДА;ТУФ
ГОРНАЯ ПОРОДА;ЩЕБЕНЬ
ГОРНАЯ ПОРОДА;ЩЁТКИ
ГОРНАЯ ПОРОДА;ЛЁСС
ГОРНАЯ ПОРОДА;АВТОКЛАСТИТ
ГОРНАЯ ПОРОДА;ГАББРО
ГОРНАЯ ПОРОДА;ГРАНИТОИД
ГОРНАЯ ПОРОДА;БИОСТРАТОН
ГОРНАЯ ПОРОДА;БАЗАЛЬТОИД
ГОРНАЯ ПОРОДА;ДУНИТ
ГОРНАЯ ПОРОДА;ЭКЛОГИТ
ГОРНАЯ ПОРОДА;ВАЛУННИК
ГОРНАЯ ПОРОДА;АЛЬБИТОФИР
ГОРНАЯ ПОРОДА;ЧАРНОКИТ
ГОРНАЯ ПОРОДА;ДАЦИТ
ГОРНАЯ ПОРОДА;ЛАМПРОИТ
ГОРНАЯ ПОРОДА;ГРАУВАККА
ГОРНАЯ ПОРОДА;ДИАФТОРИТ
ГОРНАЯ ПОРОДА;СФЕРОСИДЕРИТ
ГОРНАЯ СИСТЕМА;УРАЛ
ГОРНАЯ СИСТЕМА;ГИМАЛАИ
ГОРНАЯ СИСТЕМА;АНДЫ
ГОРНАЯ СИСТЕМА;АЛТАЙ
ГОРНАЯ СИСТЕМА;САЯН
ГРАММАТИЧЕСКАЯ КАТЕГОРИЯ;ПОРОДА
ГРАММАТИЧЕСКАЯ КАТЕГОРИЯ;СТЕПЕНЬ
ГРАММАТИЧЕСКАЯ КАТЕГОРИЯ;КОМПАРАТИВ
ГРАММАТИЧЕСКАЯ КАТЕГОРИЯ;ГРАММЕМА
ДЕНЕЖНАЯ ЕДИНИЦА;РУБЛЬ
ДЕНЕЖНАЯ ЕДИНИЦА;ФУНТ
ДЕНЕЖНАЯ ЕДИНИЦА;КРОНА
ДЕНЕЖНАЯ ЕДИНИЦА;АТ
ДЕНЕЖНАЯ ЕДИНИЦА;ТОМАН
ДЕНЕЖНАЯ ЕДИНИЦА;ЕВРО
ДЕНЕЖНАЯ ЕДИНИЦА;ГРИВНА
ДЕНЕЖНАЯ ЕДИНИЦА;ДРАХМА
ДЕНЕЖНАЯ ЕДИНИЦА;РУПИЯ
ДЕНЕЖНАЯ ЕДИНИЦА;ДИНАР
ДЕНЕЖНАЯ ЕДИНИЦА;ЛЕК
ДЕНЕЖНАЯ ЕДИНИЦА;ТЕНГЕ
ДЕНЕЖНАЯ ЕДИНИЦА;ТУГРИК
ДЕНЕЖНАЯ ЕДИНИЦА;РЕАЛ
ДЕНЕЖНАЯ ЕДИНИЦА;АНГОЛАР
ДЕНЕЖНАЯ ЕДИНИЦА;ЛИТ
ДЕНЕЖНАЯ ЕДИНИЦА;АССАРИЙ
ДЕНЕЖНАЯ ЕДИНИЦА;КВАЧА
ДЕНЕЖНАЯ ЕДИНИЦА;КЕТСАЛЬ
ДЕНЕЖНАЯ ЕДИНИЦА;КРУЗЕЙРО
ДЕНЕЖНАЯ ЕДИНИЦА;КЬЯТ
ДЕНЕЖНАЯ ЕДИНИЦА;ЛЯН
ДЕНЕЖНАЯ ЕДИНИЦА;СЕНА
ДЕНЕЖНАЯ ЕДИНИЦА;СКУДО
ДЕНЕЖНАЯ ЕДИНИЦА;ХОХЛОБАКС
ДЕНЕЖНАЯ ЕДИНИЦА;ПЬЯ
ДЕНЕЖНАЯ ЕДИНИЦА;РЕЙХСМАРКА
ДЕНЕЖНАЯ ЕДИНИЦА;САНТИК
ДЕНЕЖНАЯ ЕДИНИЦА;СИЛИ
ДЕНЕЖНЫЙ ЗНАК;МОНЕТА
ДЕНЕЖНЫЙ ЗНАК;БИЛЕТ
ДЕНЕЖНЫЙ ЗНАК;ЦЕЛКОВЫЙ
ДЕНЕЖНЫЙ ЗНАК;БАНКНОТ
ДЕНЬ НЕДЕЛИ;ВТОРНИК
ДЕНЬ НЕДЕЛИ;ПОНЕДЕЛЬНИК
ДЕНЬ НЕДЕЛИ;ЧЕТВЕРГ
ДЕНЬ НЕДЕЛИ;СЕРЕДА
ДИАКРИТИЧЕСКИЙ ЗНАК;УДАРЕНИЕ
ДИАКРИТИЧЕСКИЙ ЗНАК;КРУЖОК
ДИАКРИТИЧЕСКИЙ ЗНАК;АКУТ
ДИАКРИТИЧЕСКИЙ ЗНАК;ГАЧЕК
ДИАКРИТИЧЕСКИЙ ЗНАК;ГРАВИС
ДИАКРИТИЧЕСКИЙ ЗНАК;ТИТЛО
ДИАКРИТИЧЕСКИЙ ЗНАК;АПОСТРОФ
ДИАКРИТИЧЕСКИЙ ЗНАК;СПИРИТУС
ДИАКРИТИЧЕСКИЙ ЗНАК;ВАРИЯ
ДИАКРИТИЧЕСКИЙ ЗНАК;ОКСИЯ
ДИАКРИТИЧЕСКИЙ ЗНАК;ДАСИЯ
ДИАКРИТИЧЕСКИЙ ЗНАК;ОГОНЭК
ДИАКРИТИЧЕСКИЙ ЗНАК;ПСИЛИ
ДИАКРИТИЧЕСКИЙ ЗНАК;ЗВАТЕЛЬЦЕ
ДИАКРИТИЧЕСКИЙ ЗНАК;АКСАНГРАВ
ДИАКРИТИЧЕСКИЙ ЗНАК;АКСАНТЕГЮ
ДИАКРИТИЧЕСКИЙ ЗНАК;КРАТКА
ДИАКРИТИЧЕСКИЙ ЗНАК;ДИЕРЕЗИС
ДИСПЕРСНАЯ СИСТЕМА;ДЫМ
ДИСПЕРСНАЯ СИСТЕМА;ВЗВЕСЬ
ДИСПЕРСНАЯ СИСТЕМА;АЭРОЗОЛЬ
ДИСПЕРСНАЯ СИСТЕМА;ГЕЛЬ
ДИСПЕРСНАЯ СИСТЕМА;СУСПЕНЗИЯ
ДИСПЕРСНАЯ СИСТЕМА;ОРГАНОЗОЛЬ
ДОЛЖНОСТНОЕ ЛИЦО;ШЕРИФ
ДОЛЖНОСТНОЕ ЛИЦО;ТОВАРИЩ
ДОЛЖНОСТНОЕ ЛИЦО;СУДЬЯ
ДОЛЖНОСТНОЕ ЛИЦО;КОНТРОЛЁР
ДОЛЖНОСТНОЕ ЛИЦО;КОМИССАР
ДОЛЖНОСТНОЕ ЛИЦО;ДЕКАН
ДОЛЖНОСТНОЕ ЛИЦО;ИНСТРУКТОР
ДОЛЖНОСТНОЕ ЛИЦО;КОНЮШИЙ
ДОЛЖНОСТНОЕ ЛИЦО;ЛИКТОР
ДОЛЖНОСТНОЕ ЛИЦО;НОМЕНКЛАТУРЩИК
ДОЛЖНОСТНОЕ ЛИЦО;НОТАРИУС
ДОЛЖНОСТНОЕ ЛИЦО;ПОВЫТЧИК
ДОЛЖНОСТНОЕ ЛИЦО;СЛЕДОВАТЕЛЬ
ДОЛЖНОСТНОЕ ЛИЦО;СМОТРИТЕЛЬ
ДОЛЖНОСТНОЕ ЛИЦО;ЭФОР
ДОЛЖНОСТНОЕ ЛИЦО;ПРИСТАВ
ДОЛЖНОСТНОЕ ЛИЦО;ГОСОБВИНИТЕЛЬ
ДОМАШНЕЕ ЖИВОТНОЕ;СОБАКА
ДОМАШНЕЕ ЖИВОТНОЕ;КОШКА
ДОМАШНЕЕ ЖИВОТНОЕ;БРОШЕНКА
ДОМАШНЕЕ ЖИВОТНОЕ;ОТКОРМЫШ
ДОМАШНЕЕ ЖИВОТНОЕ;ЯЛОВКА
ДОМАШНЕЕ ЖИВОТНОЕ;КОТЭ
ДОМАШНЕЕ ЖИВОТНОЕ;ДИСКУС
ДОМАШНЕЕ ЖИВОТНОЕ;НЕНАГЛЯДКА
ДРАГОЦЕННЫЙ КАМЕНЬ;ПЕРЛ
ДРАГОЦЕННЫЙ КАМЕНЬ;РУБИН
ДРАГОЦЕННЫЙ КАМЕНЬ;ИЗУМРУД
ДРАГОЦЕННЫЙ КАМЕНЬ;БРИЛЛИАНТ
ДРАГОЦЕННЫЙ КАМЕНЬ;ВАРЕНИК
ДРАГОЦЕННЫЙ КАМЕНЬ;АМЕТИСТ
ДРАГОЦЕННЫЙ КАМЕНЬ;ЛАЛ
ДРАГОЦЕННЫЙ КАМЕНЬ;БИРЮЗА
ДРАГОЦЕННЫЙ КАМЕНЬ;ЖЕМЧУЖИНА
ДРАГОЦЕННЫЙ КАМЕНЬ;АДАМАНТ
ДРАГОЦЕННЫЙ КАМЕНЬ;АКВАМАРИН
ДРАГОЦЕННЫЙ КАМЕНЬ;АЛЕКСАНДРИТ
ДРАГОЦЕННЫЙ КАМЕНЬ;РОДОЛИТ
ДРАГОЦЕННЫЙ КАМЕНЬ;СМАРАГД
ДРАГОЦЕННЫЙ КАМЕНЬ;ЦИРКОН
ДРАГОЦЕННЫЙ КАМЕНЬ;ЭВКЛАЗ
ДРАГОЦЕННЫЙ КАМЕНЬ;ЯХОНТ
ДРАГОЦЕННЫЙ КАМЕНЬ;ЯСПИС
ДУХОВОЙ ИНСТРУМЕНТ;ВАЛТОРНА
ДУХОВОЙ ИНСТРУМЕНТ;ГОБОЙ
ДУХОВОЙ ИНСТРУМЕНТ;ФЛЕЙТА
ДУХОВОЙ ИНСТРУМЕНТ;РОЖОК
ДУХОВОЙ ИНСТРУМЕНТ;АККОРДЕОН
ДУХОВОЙ ИНСТРУМЕНТ;ТУБА
ДУХОВОЙ ИНСТРУМЕНТ;БАЛАБАН
ДУХОВОЙ ИНСТРУМЕНТ;САКСГОРН
ДУХОВОЙ ИНСТРУМЕНТ;НАЙ
ЕДИНИЦА ДЛИНЫ;ВЕРЁВКА
ЕДИНИЦА ДЛИНЫ;Д
ЕДИНИЦА ДЛИНЫ;ЛИГА
ЕДИНИЦА ДЛИНЫ;МИЛЛИМЕТР
ЕДИНИЦА ДЛИНЫ;МИРИАМЕТР
ЕДИНИЦА ДЛИНЫ;ПАРСЕК
ЕДИНИЦА ДЛИНЫ;ПОЛМЕТРА
ЕДИНИЦА ИЗМЕРЕНИЯ;САНТИМЕТР
ЕДИНИЦА ИЗМЕРЕНИЯ;КАПЛЯ
ЕДИНИЦА ИЗМЕРЕНИЯ;ЛИНИЯ
ЕДИНИЦА ИЗМЕРЕНИЯ;КУБ
ЕДИНИЦА ИЗМЕРЕНИЯ;СТОПА
ЕДИНИЦА ИЗМЕРЕНИЯ;ВЕДРО
ЕДИНИЦА ИЗМЕРЕНИЯ;БИТ
ЕДИНИЦА ИЗМЕРЕНИЯ;БОД
ЕДИНИЦА ИЗМЕРЕНИЯ;ЛОКОТЬ
ЕДИНИЦА ИЗМЕРЕНИЯ;ФУНТ
ЕДИНИЦА ИЗМЕРЕНИЯ;БУШЕЛЬ
ЕДИНИЦА ИЗМЕРЕНИЯ;БАРРЕЛЬ
ЕДИНИЦА ИЗМЕРЕНИЯ;ФАРАДА
ЕДИНИЦА ИЗМЕРЕНИЯ;БУТЫЛЬ
ЕДИНИЦА ИЗМЕРЕНИЯ;КИЛОМЕТР
ЕДИНИЦА ИЗМЕРЕНИЯ;ЛИТР
ЕДИНИЦА ИЗМЕРЕНИЯ;ГЕКТАР
ЕДИНИЦА ИЗМЕРЕНИЯ;РАДИАН
ЕДИНИЦА ИЗМЕРЕНИЯ;АМПЕР
ЕДИНИЦА ИЗМЕРЕНИЯ;КГ
ЕДИНИЦА ИЗМЕРЕНИЯ;ГАММА
ЕДИНИЦА ИЗМЕРЕНИЯ;ПУД
ЕДИНИЦА ИЗМЕРЕНИЯ;ВЕРСТА
ЕДИНИЦА ИЗМЕРЕНИЯ;ГРАММ-МОЛЕКУЛА
ЕДИНИЦА ИЗМЕРЕНИЯ;ДИНА
ЕДИНИЦА ИЗМЕРЕНИЯ;КАДЬ
ЕДИНИЦА ИЗМЕРЕНИЯ;КАЛОРИЯ
ЕДИНИЦА ИЗМЕРЕНИЯ;КИЛОТОННА
ЕДИНИЦА ИЗМЕРЕНИЯ;КОРЧАГА
ЕДИНИЦА ИЗМЕРЕНИЯ;КОСУХА
ЕДИНИЦА ИЗМЕРЕНИЯ;КОСУШКА
ЕДИНИЦА ИЗМЕРЕНИЯ;ЛИГА
ЕДИНИЦА ИЗМЕРЕНИЯ;ПИНТА
ЕДИНИЦА ИЗМЕРЕНИЯ;АКР
ЕДИНИЦА ИЗМЕРЕНИЯ;БАЙТ
ЕДИНИЦА ИЗМЕРЕНИЯ;БЕРКОВЕЦ
ЕДИНИЦА ИЗМЕРЕНИЯ;БЭР
ЕДИНИЦА ИЗМЕРЕНИЯ;ВАТТ
ЕДИНИЦА ИЗМЕРЕНИЯ;ВЕРШОК
ЕДИНИЦА ИЗМЕРЕНИЯ;ГАУСС
ЕДИНИЦА ИЗМЕРЕНИЯ;ДЖОУЛЬ
ЕДИНИЦА ИЗМЕРЕНИЯ;КАБЕЛЬТОВ
ЕДИНИЦА ИЗМЕРЕНИЯ;КЕЛЬВИН
ЕДИНИЦА ИЗМЕРЕНИЯ;КИЛОГЕРЦ
ЕДИНИЦА ИЗМЕРЕНИЯ;КИЛООМ
ЕДИНИЦА ИЗМЕРЕНИЯ;ЛЮКС
ЕДИНИЦА ИЗМЕРЕНИЯ;ЛЮМЕН
ЕДИНИЦА ИЗМЕРЕНИЯ;МАГНЕТОН
ЕДИНИЦА ИЗМЕРЕНИЯ;МЕГАГЕРЦ
ЕДИНИЦА ИЗМЕРЕНИЯ;МЕГАНЬЮТОН
ЕДИНИЦА ИЗМЕРЕНИЯ;МЕГАОМ
ЕДИНИЦА ИЗМЕРЕНИЯ;МИКРОМИКРОН
ЕДИНИЦА ИЗМЕРЕНИЯ;МИКРООМ
ЕДИНИЦА ИЗМЕРЕНИЯ;МИКРОРЕНТГЕН
ЕДИНИЦА ИЗМЕРЕНИЯ;МИЛЛИРЕНТГЕН
ЕДИНИЦА ИЗМЕРЕНИЯ;ОБХВАТ
ЕДИНИЦА ИЗМЕРЕНИЯ;ОКТАНТ
ЕДИНИЦА ИЗМЕРЕНИЯ;ПАСКАЛЬ
ЕДИНИЦА ИЗМЕРЕНИЯ;ПИКОГРАММ
ЕДИНИЦА ИЗМЕРЕНИЯ;ТЕРАГЕРЦ
ЕДИНИЦА ИЗМЕРЕНИЯ;ФОТ
ЕДИНИЦА ИЗМЕРЕНИЯ;ШКАЛИК
ЕДИНИЦА ИЗМЕРЕНИЯ;ШТОФ
ЕДИНИЦА ИЗМЕРЕНИЯ;ЛЬЕ
ЕДИНИЦА ИЗМЕРЕНИЯ;ВОЛЬТ
ЕДИНИЦА ИЗМЕРЕНИЯ;ТЕКС
ЕДИНИЦА ИЗМЕРЕНИЯ;СОЛ
ЕДИНИЦА ИЗМЕРЕНИЯ;МИКРОЗИВЕРТ
ЕДИНИЦА ИЗМЕРЕНИЯ;ФЭР
ЕДИНИЦА ИЗМЕРЕНИЯ;ЦЕНТНЕР
ЕДИНИЦА ИЗМЕРЕНИЯ;КЮРИ
ЕДИНИЦА ИЗМЕРЕНИЯ;ЧЕЙН
ЕДИНИЦА ИЗМЕРЕНИЯ;ФРАНКЛИН
ЕДИНИЦА ИЗМЕРЕНИЯ;А/СЕК
ЕДИНИЦА ИЗМЕРЕНИЯ;БЕККЕРЕЛЬ
ЕДИНИЦА ИЗМЕРЕНИЯ;ГРЕЙ
ЕДИНИЦА ИЗМЕРЕНИЯ;КАНДЕЛА
ЕДИНИЦА ИЗМЕРЕНИЯ;ЛАМБЕРТ
ЕДИНИЦА ИЗМЕРЕНИЯ;НИТ
ЕДИНИЦА ИЗМЕРЕНИЯ;ПАСО
ЕДИНИЦА ИЗМЕРЕНИЯ;СТЕН
ЕДИНИЦА ИЗМЕРЕНИЯ;ДАЛЬТОН
ЕДИНИЦА ИЗМЕРЕНИЯ;ВАГОНО-ЧАС
ЕДИНИЦА ИЗМЕРЕНИЯ;ПИКОМЕТР
ЕДИНИЦА ИЗМЕРЕНИЯ;СТОКС
ЕДИНИЦА ИЗМЕРЕНИЯ;ФЛОПС
ЕДИНИЦА ИЗМЕРЕНИЯ;ЭЙНШТЕЙН
ЕДИНИЦА ИЗМЕРЕНИЯ;ГРЭЙ
ЕДИНИЦА ИЗМЕРЕНИЯ;ПЬЕ
ЕДИНИЦА ИЗМЕРЕНИЯ;РЭЛЕЙ
ЕДИНИЦА ИЗМЕРЕНИЯ;СИМЕНС
ЕДИНИЦА ИЗМЕРЕНИЯ;ТЕСЛА
ЕДИНИЦА ИЗМЕРЕНИЯ;ХЭНД
ЕДИНИЦА ИЗМЕРЕНИЯ;РЕНТГЕН-ЭКВИВАЛЕНТ
ЕДИНИЦА ИЗМЕРЕНИЯ;НАНОГРАММ
ЕДИНИЦА ИЗМЕРЕНИЯ;ТОРР
ЕДИНИЦА ИЗМЕРЕНИЯ;ГЕКТОГРАММ
ЕДИНИЦА ИЗМЕРЕНИЯ;КУЭРДА
ЖЕЛЕЗНАЯ ДОРОГА;ШИРОКОКОЛЕЙКА
ЖЕЛЕЗНАЯ ДОРОГА;ЭЛЕКТРИЧКА
ЖЕЛЕЗНАЯ ДОРОГА;БАМ
ЖЕЛЕЗНАЯ ДОРОГА;МУРМАНКА
ЗНАК ЗОДИАКА;ДЕВА
ЗНАК ЗОДИАКА;ЛЕВ
ЗНАК ЗОДИАКА;РАК
ЗНАК ЗОДИАКА;ВОДОЛЕЙ
ЗНАК ЗОДИАКА;ТЕЛЕЦ
ЗНАК ЗОДИАКА;ОВЕН
ЗНАК ЗОДИАКА;БЛИЗНЕЦЫ
ЗНАК ЗОДИАКА;КОЗЕРОГ
ЗНАК ЗОДИАКА;ВЕСЫ
ЗНАК ЗОДИАКА;СКОРПИОН
ЗНАК ПРЕПИНАНИЯ;ЗАПЯТАЯ
ЗНАК ПРЕПИНАНИЯ;ТИРЕ
ЗНАК ПРЕПИНАНИЯ;ДВОЕТОЧИЕ
ЗНАК ПРЕПИНАНИЯ;СКОБКА
ЗНАК ПРЕПИНАНИЯ;КОММА
ЗНАК ПРЕПИНАНИЯ;ЛАПКА
ЗНАК ПРЕПИНАНИЯ;МНОГОТОЧИЕ
ИГРАЛЬНАЯ КАРТА;ДАМА
ИГРАЛЬНАЯ КАРТА;ШЕСТЁРКА
ИГРАЛЬНАЯ КАРТА;ЧЕРВА
ИГРАЛЬНАЯ КАРТА;СЕМЁРКА
ИЗМЕРИТЕЛЬНЫЙ ИНСТРУМЕНТ;АРШИН
ИЗМЕРИТЕЛЬНЫЙ ИНСТРУМЕНТ;БУССОЛЬ
ИЗМЕРИТЕЛЬНЫЙ ИНСТРУМЕНТ;ГОНИОМЕТР
ИЗМЕРИТЕЛЬНЫЙ ИНСТРУМЕНТ;ОКТАНТ
ИЗМЕРИТЕЛЬНЫЙ ИНСТРУМЕНТ;ШТАНГЕНИНСТРУМЕНТ
ИЗМЕРИТЕЛЬНЫЙ ПРИБОР;ДАТЧИК
ИЗМЕРИТЕЛЬНЫЙ ПРИБОР;КОМПАРАТОР
ИЗМЕРИТЕЛЬНЫЙ ПРИБОР;АРЕОМЕТР
ИЗМЕРИТЕЛЬНЫЙ ПРИБОР;ВОЛЬТАМЕТР
ИЗМЕРИТЕЛЬНЫЙ ПРИБОР;ГАЗОАНАЛИЗАТОР
ИЗМЕРИТЕЛЬНЫЙ ПРИБОР;ГОНИОМЕТР
ИЗМЕРИТЕЛЬНЫЙ ПРИБОР;ПЛЕТИЗМОГРАФ
ИМЯ СОБСТВЕННОЕ;ТОПОНИМ
ИМЯ СОБСТВЕННОЕ;ОРОНИМ
ИМЯ СОБСТВЕННОЕ;ТЕОНИМ
ИМЯ СОБСТВЕННОЕ;ДРИМОНИМ
ИМЯ СОБСТВЕННОЕ;СПЕЛЕОНИМ
ИМЯ СОБСТВЕННОЕ;ИДЕОНИМ
ИМЯ СОБСТВЕННОЕ;СИТНИК
ИМЯ СОБСТВЕННОЕ;ДЕПРОПРИАТИВ
ИМЯ СОБСТВЕННОЕ;КАЛИ
ИМЯ СОБСТВЕННОЕ;ВАСИЛЬ
ИМЯ СОБСТВЕННОЕ;ВАСИЛЕВСКИЙ
ИМЯ СОБСТВЕННОЕ;ПОЛЬСКИЙ
ИМЯ СОБСТВЕННОЕ;ПОГРЕБИНСКИЙ
ИМЯ СОБСТВЕННОЕ;БРУЕВИЧ
ИМЯ СОБСТВЕННОЕ;ЛАРИШ
ИНЕРТНЫЙ ГАЗ;ГЕЛИЙ
ИНЕРТНЫЙ ГАЗ;НЕОН
ИНЕРТНЫЙ ГАЗ;АРГОН
ИНЕРТНЫЙ ГАЗ;КРИПТОН
ИНЕРТНЫЙ ГАЗ;КСЕНОН
ИНЕРТНЫЙ ГАЗ;РАДОН
ИНЕРТНЫЙ ГАЗ;УНУНОКТИЙ
ИСКУССТВЕННЫЙ ЯЗЫК;ЭСПЕРАНТО
ИСКУССТВЕННЫЙ ЯЗЫК;ИДО
ИСКУССТВЕННЫЙ ЯЗЫК;АДА
ИСКУССТВЕННЫЙ ЯЗЫК;СЛОВИО
ИСКУССТВЕННЫЙ ЯЗЫК;НОВИАЛЬ
ИСКУССТВЕННЫЙ ЯЗЫК;СИНДАРИН
ИСКУССТВЕННЫЙ ЯЗЫК;ЛОЖБАН
ИСКУССТВЕННЫЙ ЯЗЫК;ИНТЕРЛИНГВЕ
ИСТОРИЧЕСКАЯ ОБЛАСТЬ;ИУДЕЯ
ИСТОРИЧЕСКАЯ ОБЛАСТЬ;ЛИВОНИЯ
ИСТОРИЧЕСКАЯ ОБЛАСТЬ;БЕССАРАБИЯ
ИСТОРИЧЕСКАЯ ОБЛАСТЬ;ГАЛЛИЯ
ИСТОРИЧЕСКАЯ ОБЛАСТЬ;КИРЕНАИКА
КАНЦЕЛЯРСКАЯ ПРИНАДЛЕЖНОСТЬ;ТЕТРАДЬ
КАНЦЕЛЯРСКАЯ ПРИНАДЛЕЖНОСТЬ;ТЁРКА
КАНЦЕЛЯРСКАЯ ПРИНАДЛЕЖНОСТЬ;ДЫРОКОЛ
КАНЦЕЛЯРСКАЯ ПРИНАДЛЕЖНОСТЬ;ЛАСТИК
КАНЦЕЛЯРСКАЯ ПРИНАДЛЕЖНОСТЬ;СКОРОСШИВАТЕЛЬ
КАНЦЕЛЯРСКАЯ ПРИНАДЛЕЖНОСТЬ;ТЕКСТОВЫДЕЛИТЕЛЬ
КАРТОЧНАЯ ИГРА;ДОМИНО
КАРТОЧНАЯ ИГРА;ПРЕФЕРАНС
КАРТОЧНАЯ ИГРА;ЧЕРВЫ
КАРТОЧНАЯ ИГРА;ПУЛЬКА
КАРТОЧНАЯ ИГРА;ВИСТ
КАРТОЧНАЯ ИГРА;ПАСЬЯНС
КАРТОЧНАЯ ИГРА;ПОКЕР
КАРТОЧНАЯ ИГРА;РОКАМБОЛЬ
КАРТОЧНАЯ ИГРА;ДЖОКЕР
КАРТОЧНАЯ ИГРА;МЕЛЬНИК
КАРТОЧНАЯ ИГРА;РЕВЕРСИ
КАРТОЧНАЯ ИГРА;БЛЭКДЖЕК
КАРТОЧНАЯ ИГРА;КИНГ
КАРТОЧНАЯ ИГРА;РАНКОНТР
КИСЛОМОЛОЧНЫЙ ПРОДУКТ;СМЕТАНА
КИСЛОМОЛОЧНЫЙ ПРОДУКТ;СЫР
КИСЛОМОЛОЧНЫЙ ПРОДУКТ;ТВОРОГ
КИСЛОМОЛОЧНЫЙ ПРОДУКТ;ПРОСТОКВАША
КИСЛОМОЛОЧНЫЙ ПРОДУКТ;АЦИДОФИЛИН
КИСЛОМОЛОЧНЫЙ ПРОДУКТ;АЙРАН
КИСЛОМОЛОЧНЫЙ ПРОДУКТ;ЙОГУРТ
КИСЛОМОЛОЧНЫЙ ПРОДУКТ;КЕФИРЧИК
КИСЛОМОЛОЧНЫЙ ПРОДУКТ;БИФИДОПРОДУКТ
КОМПЬЮТЕРНАЯ ИГРА;ГОНКА
КОМПЬЮТЕРНАЯ ИГРА;САМОИГРАЙКА
КОМПЬЮТЕРНАЯ ИГРА;РОГЛАЙК
КОМПЬЮТЕРНАЯ ИГРА;ШУТАН
КОМПЬЮТЕРНАЯ ИГРА;ГРАДОСТРОЙ
КОМПЬЮТЕРНАЯ ИГРА;КОЛОДОСТРОЙ
КОМПЬЮТЕРНАЯ ИГРА;БРАУЗЕРКА
КОМПЬЮТЕРНАЯ ИГРА;ДОНАТКА
КОМПЬЮТЕРНАЯ ПРОГРАММА;ЧЕРВЬ
КОМПЬЮТЕРНАЯ ПРОГРАММА;КАРМАН
КОМПЬЮТЕРНАЯ ПРОГРАММА;КАЛЬКУЛЯТОР
КОМПЬЮТЕРНАЯ ПРОГРАММА;НАВИГАТОР
КОМПЬЮТЕРНАЯ ПРОГРАММА;БРАНДМАУЭР
КОМПЬЮТЕРНАЯ ПРОГРАММА;БРАУЗЕР
КОМПЬЮТЕРНАЯ ПРОГРАММА;ЛАТЕКС
КОМПЬЮТЕРНАЯ ПРОГРАММА;ЛИСТИНГ
КОМПЬЮТЕРНАЯ ПРОГРАММА;ПЛЕЕР
КОМПЬЮТЕРНАЯ ПРОГРАММА;РУСИФИКАТОР
КОМПЬЮТЕРНАЯ ПРОГРАММА;ТРОЯНЕЦ
КОМПЬЮТЕРНАЯ ПРОГРАММА;ЁФИКАТОР
КОМПЬЮТЕРНАЯ ПРОГРАММА;ПЛАГИН
КОМПЬЮТЕРНАЯ ПРОГРАММА;ВОКАЛОИД
КОМПЬЮТЕРНАЯ ПРОГРАММА;РИСОВАЛКА
КОМПЬЮТЕРНАЯ ПРОГРАММА;МЕССЕНДЖЕР
КОМПЬЮТЕРНАЯ ПРОГРАММА;ЭКСТЕНДЕР
КОМПЬЮТЕРНАЯ ПРОГРАММА;МАЛВАРЬ
КОМПЬЮТЕРНАЯ ПРОГРАММА;ВРЕДОНОС
КОМПЬЮТЕРНАЯ ПРОГРАММА;ЗЛОВРЕД
КОМПЬЮТЕРНАЯ ПРОГРАММА;МАЙНЕР
КОМПЬЮТЕРНАЯ ПРОГРАММА;СКАЧИВАЛКА
КОМПЬЮТЕРНАЯ ПРОГРАММА;РУСИК
КОНДИТЕРСКОЕ ИЗДЕЛИЕ;ТОРТ
КОНДИТЕРСКОЕ ИЗДЕЛИЕ;ПИРОГ
КОНДИТЕРСКОЕ ИЗДЕЛИЕ;БИСКВИТ
КОНДИТЕРСКОЕ ИЗДЕЛИЕ;КРЕНДЕЛЬ
КОНДИТЕРСКОЕ ИЗДЕЛИЕ;ПРЯНИК
КОНДИТЕРСКОЕ ИЗДЕЛИЕ;ГРОШЕВИК
КОНДИТЕРСКОЕ ИЗДЕЛИЕ;ПИРОЖНОЕ
КОНДИТЕРСКОЕ ИЗДЕЛИЕ;ВАФЛЯ
КОНДИТЕРСКОЕ ИЗДЕЛИЕ;КАРАМЕЛЬ
КОНДИТЕРСКОЕ ИЗДЕЛИЕ;НУГА
КОНДИТЕРСКОЕ ИЗДЕЛИЕ;ПАСТИЛА
КОНДИТЕРСКОЕ ИЗДЕЛИЕ;ПАХЛАВА
КОНДИТЕРСКОЕ ИЗДЕЛИЕ;СЛОЙКА
КОНДИТЕРСКОЕ ИЗДЕЛИЕ;ХАЛВА
КОНДИТЕРСКОЕ ИЗДЕЛИЕ;КЕКС
КОНДИТЕРСКОЕ ИЗДЕЛИЕ;КОРЖИК
КОНДИТЕРСКОЕ ИЗДЕЛИЕ;КРУАССАН
КОНДИТЕРСКОЕ ИЗДЕЛИЕ;ЧАК-ЧАК
КОНДИТЕРСКОЕ ИЗДЕЛИЕ;КИНДЕР-СЮРПРИЗ
КОНДИТЕРСКОЕ ИЗДЕЛИЕ;БРАУНИ
КОНДИТЕРСКОЕ ИЗДЕЛИЕ;МАРШМЕЛЛОУ
КОНДИТЕРСКОЕ ИЗДЕЛИЕ;БАКЛАВА
КОНДИТЕРСКОЕ ИЗДЕЛИЕ;КРАФФИН
КОСМИЧЕСКИЙ АППАРАТ;ЗВЕЗДОЛЁТ
КОСМИЧЕСКИЙ АППАРАТ;СПУТНИК
КОСМИЧЕСКИЙ АППАРАТ;ЛУНОХОД
КОСМИЧЕСКИЙ АППАРАТ;ПЛАНЕТОХОД
КОСМИЧЕСКИЙ АППАРАТ;ПРОТОН
КОСМИЧЕСКИЙ АППАРАТ;МАРСОХОД
КОСМИЧЕСКИЙ КОРАБЛЬ;ЧЕЛНОК
КОСМИЧЕСКИЙ КОРАБЛЬ;ЗВЕЗДОЛЁТ
КОСМИЧЕСКИЙ КОРАБЛЬ;ШАТТЛ
КОСМИЧЕСКИЙ КОРАБЛЬ;ПЛАНЕТОЛЁТ
КРЕПЁЖНОЕ ИЗДЕЛИЕ;БОЛТ
КРЕПЁЖНОЕ ИЗДЕЛИЕ;ГАЙКА
КРЕПЁЖНОЕ ИЗДЕЛИЕ;ГВОЗДЬ
КРЕПЁЖНОЕ ИЗДЕЛИЕ;ЗАКЛЁПКА
КРЕПЁЖНОЕ ИЗДЕЛИЕ;ДЮБЕЛЬ
КРОВЕНОСНЫЙ СОСУД;ВЕНА
КРОВЕНОСНЫЙ СОСУД;АРТЕРИЯ
КРОВЕНОСНЫЙ СОСУД;КАПИЛЛЯР
КРОВЕНОСНЫЙ СОСУД;СИНУСОИД
КУРДСКИЕ ЯЗЫКИ;ЗАЗАКИ
КУРДСКИЕ ЯЗЫКИ;КУРМАНДЖИ
КУРДСКИЕ ЯЗЫКИ;КЕЛХУРИ
КУРДСКИЕ ЯЗЫКИ;ЛЕКИ
КУРДСКИЕ ЯЗЫКИ;ГОРАНИ
ЛЕГКОВОЙ АВТОМОБИЛЬ;КОПЕЙКА
ЛЕГКОВОЙ АВТОМОБИЛЬ;ЖИГУЛЬ
ЛЕГКОВОЙ АВТОМОБИЛЬ;КРОССОВЕР
ЛЕГКОВОЙ АВТОМОБИЛЬ;ФИАТ
ЛЕГКОВОЙ АВТОМОБИЛЬ;ОПЕЛЬ
ЛЕГКОВОЙ АВТОМОБИЛЬ;САНТИК
ЛЕГКОВОЙ АВТОМОБИЛЬ;ШУШЛАЙКА
ЛЕКАРСТВЕННАЯ ФОРМА;СВЕЧКА
ЛЕКАРСТВЕННАЯ ФОРМА;ЛЕДЕНЕЦ
ЛЕКАРСТВЕННАЯ ФОРМА;ОТВАР
ЛЕКАРСТВЕННАЯ ФОРМА;СУППОЗИТОРИЙ
ЛЕКАРСТВЕННАЯ ФОРМА;ДРАЖЕ
ЛЕКАРСТВЕННАЯ ФОРМА;СПАНСУЛА
ЛЕКАРСТВЕННАЯ ФОРМА;ЛИОФИЛИЗАТ
ЛЕКАРСТВЕННОЕ СРЕДСТВО;ПУРГЕН
ЛЕКАРСТВЕННОЕ СРЕДСТВО;КОЗЛОБОРОДНИК
ЛЕКАРСТВЕННОЕ СРЕДСТВО;АДАМАНТАН
ЛЕКАРСТВЕННОЕ СРЕДСТВО;МАТЬ-И-МАЧЕХА
ЛЕКАРСТВЕННОЕ СРЕДСТВО;ПИЖМА
ЛЕКАРСТВЕННОЕ СРЕДСТВО;ПУСТЫРНИК
ЛЕКАРСТВЕННОЕ СРЕДСТВО;КОПЫТЕНЬ
ЛЕКАРСТВЕННОЕ СРЕДСТВО;БУЗИНА
ЛЕКАРСТВЕННОЕ СРЕДСТВО;КАЛИНА
ЛЕКАРСТВЕННОЕ СРЕДСТВО;КАЛЕНДУЛА
ЛЕКАРСТВЕННОЕ СРЕДСТВО;АМИДОПИРИН
ЛЕКАРСТВЕННОЕ СРЕДСТВО;АНЕСТЕТИК
ЛЕКАРСТВЕННОЕ СРЕДСТВО;АНТИКОАГУЛЯНТ
ЛЕКАРСТВЕННОЕ СРЕДСТВО;АНТИПИРИН
ЛЕКАРСТВЕННОЕ СРЕДСТВО;ГЕПАРИН
ЛЕКАРСТВЕННОЕ СРЕДСТВО;ЖЕНЬШЕНЬ
ЛЕКАРСТВЕННОЕ СРЕДСТВО;МЕТИОНИН
ЛЕКАРСТВЕННОЕ СРЕДСТВО;НОВОКАИН
ЛЕКАРСТВЕННОЕ СРЕДСТВО;САЛОЛ
ЛЕКАРСТВЕННОЕ СРЕДСТВО;МОЧЕГОННОЕ
ЛЕКАРСТВЕННОЕ СРЕДСТВО;ДИБАЗОЛ
ЛЕКАРСТВЕННОЕ СРЕДСТВО;ИБУПРОФЕН
ЛЕКАРСТВЕННОЕ СРЕДСТВО;ПРЕДНИЗОЛОН
ЛЕКАРСТВЕННОЕ СРЕДСТВО;ФЛУОКСЕТИН
ЛЕКАРСТВЕННОЕ СРЕДСТВО;ФУРОСЕМИД
ЛЕКАРСТВЕННОЕ СРЕДСТВО;АПОМОРФИН
ЛЕКАРСТВЕННОЕ СРЕДСТВО;МИОРЕЛАКСАНТ
ЛЕКАРСТВЕННОЕ СРЕДСТВО;СТАТИН
ЛЕКАРСТВЕННОЕ СРЕДСТВО;БИФИДУМБАКТЕРИН
ЛЕКАРСТВЕННОЕ СРЕДСТВО;МЕЛЬДОНИЙ
ЛЕКАРСТВЕННОЕ СРЕДСТВО;МИЛДРОНАТ
ЛЕКАРСТВЕННОЕ СРЕДСТВО;ПСИХОАНАЛЕПТИК
ЛЕКАРСТВЕННОЕ СРЕДСТВО;НООТРОП
ЛЕКАРСТВЕННОЕ СРЕДСТВО;РЕМАНТАДИН
ЛЕКАРСТВЕННОЕ СРЕДСТВО;ФЕНАЗОН
ЛЕКАРСТВЕННОЕ СРЕДСТВО;КАРБАХОЛИН
ЛЕКАРСТВЕННОЕ СРЕДСТВО;СКОПОЛАМИН
ЛЕКАРСТВЕННОЕ СРЕДСТВО;ИПИЛИМУМАБ
ЛЕКАРСТВЕННОЕ СРЕДСТВО;НИВОЛУМАБ
ЛЕКАРСТВЕННОЕ СРЕДСТВО;ФАРМСУБСТАНЦИЯ
ЛЕКАРСТВЕННОЕ СРЕДСТВО;НАПРОКСЕН
ЛЕКАРСТВЕННОЕ СРЕДСТВО;ПАРАЦЕТАМОЛ
ЛЕКАРСТВЕННОЕ СРЕДСТВО;АЛЕМТУЗУМАБ
ЛЕКАРСТВЕННОЕ СРЕДСТВО;ФАВИПИРАВИР
ЛЕКАРСТВЕННОЕ СРЕДСТВО;ХЛОРОХИН
ЛЕКАРСТВЕННОЕ СРЕДСТВО;ДЕКСАМЕТАЗОН
ЛЕКАРСТВЕННОЕ СРЕДСТВО;ЗАНАМИВИР
ЛЕКАРСТВЕННОЕ СРЕДСТВО;ДЕКСПАНТЕНОЛ
ЛЕКАРСТВЕННОЕ СРЕДСТВО;ГКС
ЛЕКАРСТВЕННОЕ СРЕДСТВО;ЛИДОКАИН
ЛЕТАТЕЛЬНЫЙ АППАРАТ;КОРАБЛЬ
ЛЕТАТЕЛЬНЫЙ АППАРАТ;АВТОЖИР
ЛЕТАТЕЛЬНЫЙ АППАРАТ;САМОЛЁТ
ЛЕТАТЕЛЬНЫЙ АППАРАТ;ПТИЧКА
ЛЕТАТЕЛЬНЫЙ АППАРАТ;ПЕПЕЛАЦ
ЛЕТАТЕЛЬНЫЙ АППАРАТ;ЗВЕЗДОЛЁТ
ЛЕТАТЕЛЬНЫЙ АППАРАТ;ЗОНД
ЛЕТАТЕЛЬНЫЙ АППАРАТ;ПЛАНЕР
ЛЕТАТЕЛЬНЫЙ АППАРАТ;ВЕРТОЛЁТ
ЛЕТАТЕЛЬНЫЙ АППАРАТ;АЭРОСТАТ
ЛЕТАТЕЛЬНЫЙ АППАРАТ;СТРЕКОЗА
ЛЕТАТЕЛЬНЫЙ АППАРАТ;ГЕЛИКОПТЕР
ЛЕТАТЕЛЬНЫЙ АППАРАТ;ДЕЛЬТАПЛАН
ЛЕТАТЕЛЬНЫЙ АППАРАТ;ЖИРОПЛАН
ЛЕТАТЕЛЬНЫЙ АППАРАТ;ОРНИТОПТЕР
ЛЕТАТЕЛЬНЫЙ АППАРАТ;РАКЕТОПЛАН
ЛЕТАТЕЛЬНЫЙ АППАРАТ;ЦЕППЕЛИН
ЛЕТАТЕЛЬНЫЙ АППАРАТ;ВИНТОКРЫЛ
ЛЕТАТЕЛЬНЫЙ АППАРАТ;МНОГОПЛАН
ЛЕТАТЕЛЬНЫЙ АППАРАТ;ПАРАПЛАН
ЛЕТАТЕЛЬНЫЙ АППАРАТ;АМФИБИЯ
ЛЕТАТЕЛЬНЫЙ АППАРАТ;КОНВЕРТОПЛАН
ЛЕТАТЕЛЬНЫЙ АППАРАТ;МАХОЛЁТ
ЛЕТАТЕЛЬНЫЙ АППАРАТ;БПЛА
ЛЕТАТЕЛЬНЫЙ АППАРАТ;БЕСПИЛОТНИК
ЛЕТАТЕЛЬНЫЙ АППАРАТ;ВИМАНА
ЛЕТАТЕЛЬНЫЙ АППАРАТ;МУЛЬТИКОПТЕР
ЛЕТАТЕЛЬНЫЙ АППАРАТ;ГЕКСАКОПТЕР
ЛЕТАТЕЛЬНЫЙ АППАРАТ;ГЛАЙДЕР
ЛЕТАТЕЛЬНЫЙ АППАРАТ;ТЕГЕРАНЬ
ЛЕТАТЕЛЬНЫЙ АППАРАТ;АНВИПЛАН
ЛЕТАТЕЛЬНЫЙ АППАРАТ;ПОЛИПЛАН
ЛЕТАТЕЛЬНЫЙ АППАРАТ;FPV-ДРОН
ЛЕТУЧАЯ МЫШЬ;КОЖАН
ЛЕТУЧАЯ МЫШЬ;ВАМПИР
ЛЕТУЧАЯ МЫШЬ;ЛИСТОНОС
ЛЕТУЧАЯ МЫШЬ;НЕТОПЫРЬ
ЛЕТУЧАЯ МЫШЬ;ТРУБКОНОС
ЛЕТУЧАЯ МЫШЬ;ЩЕЛЕМОРД
ЛИТЕРАТУРНОЕ ПРОИЗВЕДЕНИЕ;РАССКАЗ
ЛИТЕРАТУРНОЕ ПРОИЗВЕДЕНИЕ;ПЬЕСА
ЛИТЕРАТУРНОЕ ПРОИЗВЕДЕНИЕ;ГРАФОМАНИЯ
ЛИТЕРАТУРНОЕ ПРОИЗВЕДЕНИЕ;КАРИКАТУРА
ЛИТЕРАТУРНОЕ ПРОИЗВЕДЕНИЕ;ЭПИСТОЛА
ЛИТЕРАТУРНОЕ ПРОИЗВЕДЕНИЕ;ЭПИТАФИЯ
МЕРА ДЛИНЫ;НОГОТЬ
МЕРА ДЛИНЫ;СТАДИЯ
МЕРА ДЛИНЫ;ВЕРСТА
МЕРА ДЛИНЫ;ЛЬЕ
МЕТАТЕЛЬНОЕ ОРУЖИЕ;АРБАЛЕТ
МЕТАТЕЛЬНОЕ ОРУЖИЕ;РОГАТКА
МЕТАТЕЛЬНОЕ ОРУЖИЕ;БУМЕРАНГ
МЕТАТЕЛЬНОЕ ОРУЖИЕ;ЧАКРА
МЕТАТЕЛЬНОЕ ОРУЖИЕ;КАМНЕМЁТ
МЕТАТЕЛЬНОЕ ОРУЖИЕ;БОЛА
МЕТАТЕЛЬНОЕ ОРУЖИЕ;ГАСИЛО
МОБИЛЬНЫЙ ТЕЛЕФОН;РАСКЛАДУШКА
МОБИЛЬНЫЙ ТЕЛЕФОН;МОБИЛЬНИК
МОБИЛЬНЫЙ ТЕЛЕФОН;СМАРТФОН
МОБИЛЬНЫЙ ТЕЛЕФОН;КАЛЬКУЛЯТОР
МОБИЛЬНЫЙ ТЕЛЕФОН;АЙФОН
МОБИЛЬНЫЙ ТЕЛЕФОН;ЗВОНИЛКА
МОЛОДОЙ ЧЕЛОВЕК;ЮНЕЦ
МОЛОДОЙ ЧЕЛОВЕК;НЕДОРОСЛЬ
МОЛОДОЙ ЧЕЛОВЕК;ПАРЕНЁК
МОЛОДОЙ ЧЕЛОВЕК;СТИЛЯГА
МОЛОДОЙ ЧЕЛОВЕК;ЭФЕБ
МОЛОДОЙ ЧЕЛОВЕК;АДОНИС
МОЛОДОЙ ЧЕЛОВЕК;ЭНДИМИОН
МОЛОДОЙ ЧЕЛОВЕК;ГЛАВШПАН
МУЗЫКАЛЬНОЕ ПРОИЗВЕДЕНИЕ;ДУЭТ
МУЗЫКАЛЬНОЕ ПРОИЗВЕДЕНИЕ;ГИМН
МУЗЫКАЛЬНОЕ ПРОИЗВЕДЕНИЕ;КВАРТЕТ
МУЗЫКАЛЬНОЕ ПРОИЗВЕДЕНИЕ;ФАНТАЗИЯ
МУЗЫКАЛЬНОЕ ПРОИЗВЕДЕНИЕ;ОПЕРЕТТА
МУЗЫКАЛЬНОЕ ПРОИЗВЕДЕНИЕ;СИМФОНИЯ
МУЗЫКАЛЬНОЕ ПРОИЗВЕДЕНИЕ;СОНАТИНА
МУЗЫКАЛЬНОЕ ПРОИЗВЕДЕНИЕ;ТОККАТА
МУЗЫКАЛЬНОЕ ПРОИЗВЕДЕНИЕ;ГАЛОП
МУЗЫКАЛЬНОЕ ПРОИЗВЕДЕНИЕ;КВИНТЕТ
МУЗЫКАЛЬНОЕ ПРОИЗВЕДЕНИЕ;КОНТРАПУНКТ
МУЗЫКАЛЬНОЕ ПРОИЗВЕДЕНИЕ;МЕНУЭТ
МУЗЫКАЛЬНОЕ ПРОИЗВЕДЕНИЕ;НОНЕТ
МУЗЫКАЛЬНОЕ ПРОИЗВЕДЕНИЕ;ПСАЛОМ
МУЗЫКАЛЬНОЕ ПРОИЗВЕДЕНИЕ;РЕКВИЕМ
МУЗЫКАЛЬНОЕ ПРОИЗВЕДЕНИЕ;СЕКСТЕТ
МУЗЫКАЛЬНОЕ ПРОИЗВЕДЕНИЕ;СЕПТЕТ
МУЗЫКАЛЬНОЕ ПРОИЗВЕДЕНИЕ;ТЕРЦЕТ
МУЗЫКАЛЬНОЕ ПРОИЗВЕДЕНИЕ;ЭКСПРОМТ
МУЗЫКАЛЬНОЕ ПРОИЗВЕДЕНИЕ;ТРИО
МУЗЫКАЛЬНОЕ ПРОИЗВЕДЕНИЕ;КОЛЫБЕЛЬНАЯ
МУЗЫКАЛЬНОЕ ПРОИЗВЕДЕНИЕ;ДЕЦИМЕТ
МУЗЫКАЛЬНЫЙ ИНСТРУМЕНТ;АРФА
МУЗЫКАЛЬНЫЙ ИНСТРУМЕНТ;БАРАБАН
МУЗЫКАЛЬНЫЙ ИНСТРУМЕНТ;БАЯН
МУЗЫКАЛЬНЫЙ ИНСТРУМЕНТ;МУЗЫКА
МУЗЫКАЛЬНЫЙ ИНСТРУМЕНТ;ТАРЕЛКА
МУЗЫКАЛЬНЫЙ ИНСТРУМЕНТ;ПИАНИНО
МУЗЫКАЛЬНЫЙ ИНСТРУМЕНТ;КАСТАНЬЕТА
МУЗЫКАЛЬНЫЙ ИНСТРУМЕНТ;ТРОМБОН
МУЗЫКАЛЬНЫЙ ИНСТРУМЕНТ;ВАЛТОРНА
МУЗЫКАЛЬНЫЙ ИНСТРУМЕНТ;АЛЬТ
МУЗЫКАЛЬНЫЙ ИНСТРУМЕНТ;ЛИРА
МУЗЫКАЛЬНЫЙ ИНСТРУМЕНТ;ШАРМАНКА
МУЗЫКАЛЬНЫЙ ИНСТРУМЕНТ;ОРГАНИСТРУМ
МУЗЫКАЛЬНЫЙ ИНСТРУМЕНТ;СКРИПКА
МУЗЫКАЛЬНЫЙ ИНСТРУМЕНТ;ВИОЛОНЧЕЛЬ
МУЗЫКАЛЬНЫЙ ИНСТРУМЕНТ;КОНТРАБАС
МУЗЫКАЛЬНЫЙ ИНСТРУМЕНТ;ГУСЛИ
МУЗЫКАЛЬНЫЙ ИНСТРУМЕНТ;ЦИТРА
МУЗЫКАЛЬНЫЙ ИНСТРУМЕНТ;ГИТАРА
МУЗЫКАЛЬНЫЙ ИНСТРУМЕНТ;ДОМБРА
МУЗЫКАЛЬНЫЙ ИНСТРУМЕНТ;БАЛАЛАЙКА
МУЗЫКАЛЬНЫЙ ИНСТРУМЕНТ;ЛЮТНЯ
МУЗЫКАЛЬНЫЙ ИНСТРУМЕНТ;МАНДОЛИНА
МУЗЫКАЛЬНЫЙ ИНСТРУМЕНТ;КЛАВЕСИН
МУЗЫКАЛЬНЫЙ ИНСТРУМЕНТ;КЛАВИКОРД
МУЗЫКАЛЬНЫЙ ИНСТРУМЕНТ;РОЯЛЬ
МУЗЫКАЛЬНЫЙ ИНСТРУМЕНТ;ФОРТЕПИАНО
МУЗЫКАЛЬНЫЙ ИНСТРУМЕНТ;ЧЕЛЕСТА
МУЗЫКАЛЬНЫЙ ИНСТРУМЕНТ;МАРИМБА
МУЗЫКАЛЬНЫЙ ИНСТРУМЕНТ;КСИЛОФОН
МУЗЫКАЛЬНЫЙ ИНСТРУМЕНТ;ЛИТАВРА
МУЗЫКАЛЬНЫЙ ИНСТРУМЕНТ;ГОБОЙ
МУЗЫКАЛЬНЫЙ ИНСТРУМЕНТ;ФАГОТ
МУЗЫКАЛЬНЫЙ ИНСТРУМЕНТ;ФЛЕЙТА
МУЗЫКАЛЬНЫЙ ИНСТРУМЕНТ;КЛАРНЕТ
МУЗЫКАЛЬНЫЙ ИНСТРУМЕНТ;ТЕРМЕНВОКС
МУЗЫКАЛЬНЫЙ ИНСТРУМЕНТ;НАБАТ
МУЗЫКАЛЬНЫЙ ИНСТРУМЕНТ;СВИРЕЛЬ
МУЗЫКАЛЬНЫЙ ИНСТРУМЕНТ;БУБЕН
МУЗЫКАЛЬНЫЙ ИНСТРУМЕНТ;РОЖОК
МУЗЫКАЛЬНЫЙ ИНСТРУМЕНТ;АККОРДЕОН
МУЗЫКАЛЬНЫЙ ИНСТРУМЕНТ;КИМВАЛ
МУЗЫКАЛЬНЫЙ ИНСТРУМЕНТ;КИФАРА
МУЗЫКАЛЬНЫЙ ИНСТРУМЕНТ;ЛОЖКА
МУЗЫКАЛЬНЫЙ ИНСТРУМЕНТ;ПИАНОЛА
МУЗЫКАЛЬНЫЙ ИНСТРУМЕНТ;НИКЕЛЬХАРПА
МУЗЫКАЛЬНЫЙ ИНСТРУМЕНТ;САЗ
МУЗЫКАЛЬНЫЙ ИНСТРУМЕНТ;ЦЕВНИЦА
МУЗЫКАЛЬНЫЙ ИНСТРУМЕНТ;БАНДУРА
МУЗЫКАЛЬНЫЙ ИНСТРУМЕНТ;ВИОЛА
МУЗЫКАЛЬНЫЙ ИНСТРУМЕНТ;ВОЛЫНКА
МУЗЫКАЛЬНЫЙ ИНСТРУМЕНТ;ГАРМОНИКА
МУЗЫКАЛЬНЫЙ ИНСТРУМЕНТ;ЖАЛЕЙКА
МУЗЫКАЛЬНЫЙ ИНСТРУМЕНТ;ЖИГА
МУЗЫКАЛЬНЫЙ ИНСТРУМЕНТ;ЗУРНА
МУЗЫКАЛЬНЫЙ ИНСТРУМЕНТ;СЕМИСТРУНКА
МУЗЫКАЛЬНЫЙ ИНСТРУМЕНТ;СИПОВКА
МУЗЫКАЛЬНЫЙ ИНСТРУМЕНТ;СОПЕЛКА
МУЗЫКАЛЬНЫЙ ИНСТРУМЕНТ;ТАЛЬЯНОЧКА
МУЗЫКАЛЬНЫЙ ИНСТРУМЕНТ;ТРЁХРЯДКА
МУЗЫКАЛЬНЫЙ ИНСТРУМЕНТ;ТУБА
МУЗЫКАЛЬНЫЙ ИНСТРУМЕНТ;ФИСГАРМОНИЯ
МУЗЫКАЛЬНЫЙ ИНСТРУМЕНТ;ХЛОПУШКА
МУЗЫКАЛЬНЫЙ ИНСТРУМЕНТ;ХРОМКА
МУЗЫКАЛЬНЫЙ ИНСТРУМЕНТ;АРИСТОН
МУЗЫКАЛЬНЫЙ ИНСТРУМЕНТ;БОНГО
МУЗЫКАЛЬНЫЙ ИНСТРУМЕНТ;ГЕЛИКОН
МУЗЫКАЛЬНЫЙ ИНСТРУМЕНТ;ГОНГ
МУЗЫКАЛЬНЫЙ ИНСТРУМЕНТ;КАНУН
МУЗЫКАЛЬНЫЙ ИНСТРУМЕНТ;КОРНЕТ-А-ПИСТОН
МУЗЫКАЛЬНЫЙ ИНСТРУМЕНТ;МЕТАЛЛОФОН
МУЗЫКАЛЬНЫЙ ИНСТРУМЕНТ;МЮЗЕТ
МУЗЫКАЛЬНЫЙ ИНСТРУМЕНТ;ОРГАНЧИК
МУЗЫКАЛЬНЫЙ ИНСТРУМЕНТ;ТАМТАМ
МУЗЫКАЛЬНЫЙ ИНСТРУМЕНТ;ТОПШУР
МУЗЫКАЛЬНЫЙ ИНСТРУМЕНТ;ТРЕНЗЕЛЬ
МУЗЫКАЛЬНЫЙ ИНСТРУМЕНТ;ФЛЕКСАТОН
МУЗЫКАЛЬНЫЙ ИНСТРУМЕНТ;ЧЕМБАЛО
МУЗЫКАЛЬНЫЙ ИНСТРУМЕНТ;ЭЛЕКТРОИНСТРУМЕНТ
МУЗЫКАЛЬНЫЙ ИНСТРУМЕНТ;ЭМИРИТОН
МУЗЫКАЛЬНЫЙ ИНСТРУМЕНТ;БАНДЖО
МУЗЫКАЛЬНЫЙ ИНСТРУМЕНТ;ВАРГАН
МУЗЫКАЛЬНЫЙ ИНСТРУМЕНТ;БРЁЛКА
МУЗЫКАЛЬНЫЙ ИНСТРУМЕНТ;СЯМИСЭН
МУЗЫКАЛЬНЫЙ ИНСТРУМЕНТ;ТЕНОР
МУЗЫКАЛЬНЫЙ ИНСТРУМЕНТ;ХУР
МУЗЫКАЛЬНЫЙ ИНСТРУМЕНТ;АВЛОС
МУЗЫКАЛЬНЫЙ ИНСТРУМЕНТ;ПИПА
МУЗЫКАЛЬНЫЙ ИНСТРУМЕНТ;САМОИГРАЙКА
МУЗЫКАЛЬНЫЙ ИНСТРУМЕНТ;ЛУР
МУЗЫКАЛЬНЫЙ ИНСТРУМЕНТ;УДУ
МУЗЫКАЛЬНЫЙ ИНСТРУМЕНТ;НЮДИ
МУЗЫКАЛЬНЫЙ ИНСТРУМЕНТ;ШЕЙКЕР
МУЗЫКАЛЬНЫЙ ИНСТРУМЕНТ;АРПЕДЖИОНЕ
МУЗЫКАЛЬНЫЙ ИНСТРУМЕНТ;ЦИРАНАПОХ
МУЗЫКАЛЬНЫЙ ИНСТРУМЕНТ;МАРАКАС
МУЗЫКАЛЬНЫЙ ИНСТРУМЕНТ;СУРМА
МУЗЫКАЛЬНЫЙ ИНСТРУМЕНТ;БЛУЛ
МУЗЫКАЛЬНЫЙ ИНСТРУМЕНТ;ГУЧЖЭН
МУЗЫКАЛЬНЫЙ ИНСТРУМЕНТ;ЭЛЕКТРООРГАН
МУЗЫКАЛЬНЫЙ ИНСТРУМЕНТ;АВТОХАРП
МУЗЫКАЛЬНЫЙ ИНСТРУМЕНТ;АПХЕРЦА
МУЗЫКАЛЬНЫЙ ИНСТРУМЕНТ;АЧАРПЫН
МУЗЫКАЛЬНЫЙ ИНСТРУМЕНТ;АЮМАА
МУЗЫКАЛЬНЫЙ ИНСТРУМЕНТ;АХЫМАА
МУЗЫКАЛЬНЫЙ ИНСТРУМЕНТ;БАССЕТГОРН
МУЗЫКАЛЬНЫЙ ИНСТРУМЕНТ;КРОТА
МУЗЫКАЛЬНЫЙ ИНСТРУМЕНТ;ШЭН
МУЗЫКАЛЬНЫЙ ИНСТРУМЕНТ;БАНДОНЕОН
МУЗЫКАЛЬНЫЙ ИНСТРУМЕНТ;ЦИНЬ
МУЗЫКАЛЬНЫЙ ИНСТРУМЕНТ;КАЛЮКА
МУЗЫКАЛЬНЫЙ ИНСТРУМЕНТ;СЛОННИЦА
МУЗЫКАЛЬНЫЙ ИНСТРУМЕНТ;НЕБЕЛ
МУЗЫКАЛЬНЫЙ ИНСТРУМЕНТ;КРИСТАЛЛОФОН
МУЗЫКАЛЬНЫЙ ИНСТРУМЕНТ;ДУЛЕЙКА
МУЗЫКАЛЬНЫЙ ИНСТРУМЕНТ;ШАЛЮМО
МУЗЫКАЛЬНЫЙ ИНСТРУМЕНТ;ОКТОБАС
НАСЕЛЁННЫЙ ПУНКТ;НОВОСИБИРСК
НАСЕЛЁННЫЙ ПУНКТ;ГОРОД
НАСЕЛЁННЫЙ ПУНКТ;ДЕРЕВНЯ
НАСЕЛЁННЫЙ ПУНКТ;СЛОБОДА
НАСЕЛЁННЫЙ ПУНКТ;СЕЛО
НАСЕЛЁННЫЙ ПУНКТ;ХУТОР
НАСЕЛЁННЫЙ ПУНКТ;АМЕРИКА
НАСЕЛЁННЫЙ ПУНКТ;ПОСЁЛОК
НАСЕЛЁННЫЙ ПУНКТ;ВЕСЬ
НАСЕЛЁННЫЙ ПУНКТ;АЛЕКСИН
НАСЕЛЁННЫЙ ПУНКТ;ВОЛГА
НАСЕЛЁННЫЙ ПУНКТ;ХАРЬКОВ
НАСЕЛЁННЫЙ ПУНКТ;АБАТСКИЙ
НАСЕЛЁННЫЙ ПУНКТ;САНКТ-ПЕТЕРБУРГ
НАСЕЛЁННЫЙ ПУНКТ;АУЛ
НАСЕЛЁННЫЙ ПУНКТ;ЗАТО
НАСЕЛЁННЫЙ ПУНКТ;КАРАГАНДА
НАСЕЛЁННЫЙ ПУНКТ;ВОРОНЕЖ
НАСЕЛЁННЫЙ ПУНКТ;НЬЮ-ЙОРК
НАСЕЛЁННЫЙ ПУНКТ;САМАРА
НАСЕЛЁННЫЙ ПУНКТ;ВЕТКА
НАСЕЛЁННЫЙ ПУНКТ;ДЗЕРЖИНСК
НАСЕЛЁННЫЙ ПУНКТ;ОМСК
НАСЕЛЁННЫЙ ПУНКТ;ПЕРМЬ
НАСЕЛЁННЫЙ ПУНКТ;ЕКАТЕРИНБУРГ
НАСЕЛЁННЫЙ ПУНКТ;СТАНИЦА
НАСЕЛЁННЫЙ ПУНКТ;МЕГАПОЛИС
НАСЕЛЁННЫЙ ПУНКТ;СЕЛЕНЬЕ
НАСЕЛЁННЫЙ ПУНКТ;ЯМ
НАСЕЛЁННЫЙ ПУНКТ;СУДАК
НАСЕЛЁННЫЙ ПУНКТ;ПЕТРОДВОРЕЦ
НАСЕЛЁННЫЙ ПУНКТ;ПЕТРОЗАВОДСК
НАСЕЛЁННЫЙ ПУНКТ;СИБАЙ
НАСЕЛЁННЫЙ ПУНКТ;КРАСНОЯРСК
НАСЕЛЁННЫЙ ПУНКТ;КЕРЧЬ
НАСЕЛЁННЫЙ ПУНКТ;НАРВА
НАСЕЛЁННЫЙ ПУНКТ;РОСТОВ-НА-ДОНУ
НАСЕЛЁННЫЙ ПУНКТ;ВОЛГОГРАД
НАСЕЛЁННЫЙ ПУНКТ;МОНАКО
НАСЕЛЁННЫЙ ПУНКТ;МГА
НАСЕЛЁННЫЙ ПУНКТ;УФА
НАСЕЛЁННЫЙ ПУНКТ;ЕВПАТОРИЯ
НАСЕЛЁННЫЙ ПУНКТ;ЧЕЛЯБИНСК
НАСЕЛЁННЫЙ ПУНКТ;ЛИПОВКА
НАСЕЛЁННЫЙ ПУНКТ;КАЗАНЬ
НАСЕЛЁННЫЙ ПУНКТ;СИМФЕРОПОЛЬ
НАСЕЛЁННЫЙ ПУНКТ;ХИТАЧИ
НАСЕЛЁННЫЙ ПУНКТ;ШУША
НАСЕЛЁННЫЙ ПУНКТ;БАЛАКЛАВА
НАСЕЛЁННЫЙ ПУНКТ;ДЖАНКОЙ
НАСЕЛЁННЫЙ ПУНКТ;УРЮПИНСК
НАСЕЛЁННЫЙ ПУНКТ;БАЛАШИХА
НАСЕЛЁННЫЙ ПУНКТ;ДОЛГОПРУДНЫЙ
НАСЕЛЁННЫЙ ПУНКТ;ПОКРОВСК
НАСЕЛЁННЫЙ ПУНКТ;АЙСФЕЛЬД
НАСЕЛЁННЫЙ ПУНКТ;БЕРГЕН
НАСЕЛЁННЫЙ ПУНКТ;СКРАНТОН
НАСЕЛЁННЫЙ ПУНКТ;КАЯ
НАСЕЛЁННЫЙ ПУНКТ;КОРМА
НАСЕЛЁННЫЙ ПУНКТ;ВОЛЧИХА
НАСЕЛЁННЫЙ ПУНКТ;КОКШЕТАУ
НАСЕЛЁННЫЙ ПУНКТ;ДОДОНОВО
НАСЕЛЁННЫЙ ПУНКТ;ПАРНАЯ
НАСЕЛЁННЫЙ ПУНКТ;БЕЖАНОВ
НАСЕЛЁННЫЙ ПУНКТ;СЕВАСТОПОЛЬ
НАСЕЛЁННЫЙ ПУНКТ;ПАЛЬМИРА
НАСЕЛЁННЫЙ ПУНКТ;ТАРТУС
НАСЕЛЁННЫЙ ПУНКТ;МХИН
НАСЕЛЁННЫЙ ПУНКТ;ААЗАЗ
НАСЕЛЁННЫЙ ПУНКТ;СИМЕИЗ
НАСЕЛЁННЫЙ ПУНКТ;КОРЕИЗ
НАСЕЛЁННЫЙ ПУНКТ;КАЦИВЕЛИ
НАСЕЛЁННЫЙ ПУНКТ;ЛИВАДИЯ
НАСЕЛЁННЫЙ ПУНКТ;МАРИУПОЛЬ
НАСЕЛЁННЫЙ ПУНКТ;КОСОВО
НАСЕЛЁННЫЙ ПУНКТ;НЕВАДА
НАСЕЛЁННЫЙ ПУНКТ;БЕРДЯНСК
НАСЕЛЁННЫЙ ПУНКТ;БАНГАЛОР
НАСЕЛЁННЫЙ ПУНКТ;СОБИБУР
НАСЕЛЁННЫЙ ПУНКТ;БРАКОВЩИНА
НАСЕЛЁННЫЙ ПУНКТ;КАПУТ
НАСЕЛЁННЫЙ ПУНКТ;РАМОНЬ
НАСЕЛЁННЫЙ ПУНКТ;ПОРОЗОВО
НАСЕЛЁННЫЙ ПУНКТ;ЭЙФЕЛЬ
НАСЕЛЁННЫЙ ПУНКТ;ЗАРЕЦК
НАСЕЛЁННЫЙ ПУНКТ;ВЕСЁЛОВСКИЙ
НАСЕЛЁННЫЙ ПУНКТ;ВАСИЛЬЕВСКИЙ
НАСЕЛЁННЫЙ ПУНКТ;НОВОПОЛЬСКИЙ
НАСЕЛЁННЫЙ ПУНКТ;ПОГРЕБЕНЬ
НАСЕЛЁННЫЙ ПУНКТ;СИБИРКА
НАСЕЛЁННЫЙ ПУНКТ;КРЫЖОПОЛЬ
НАСЕЛЁННЫЙ ПУНКТ;ХАЦАПЕТОВКА
НАСЕЛЁННЫЙ ПУНКТ;ГРИНВИЧ
НАСЕЛЁННЫЙ ПУНКТ;ЖЕЛЕЗНОЖОПИНСК
НАСЕЛЁННЫЙ ПУНКТ;АБАЙКАН
НАСЕЛЁННЫЙ ПУНКТ;ТОМБОЛО
НАСЕЛЁННЫЙ ПУНКТ;ПЕТАХ-ТИКВА
НАСТОЛЬНАЯ ИГРА;ЛОТО
НАСТОЛЬНАЯ ИГРА;НАРДЫ
НАСТОЛЬНАЯ ИГРА;РЕВЕРСИ
НАСТОЛЬНАЯ ИГРА;КИНГ
НАСТОЛЬНАЯ ИГРА;МЕЛЕДА
НАСТОЛЬНАЯ ИГРА;КАРТЫ
НАСТОЛЬНАЯ ИГРА;КОЛОДОСТРОЙ
НАУЧНАЯ ДИСЦИПЛИНА;ФИЗИОЛОГИЯ
НАУЧНАЯ ДИСЦИПЛИНА;АГИОГРАФИЯ
НАУЧНАЯ ДИСЦИПЛИНА;БИОИНФОРМАТИКА
НАУЧНАЯ ДИСЦИПЛИНА;КАРТОГРАФИЯ
НАУЧНАЯ ДИСЦИПЛИНА;ЗЕМЛЕДЕЛИЕ
НАУЧНАЯ ДИСЦИПЛИНА;САМОЛЁТОСТРОЕНИЕ
НАУЧНАЯ ДИСЦИПЛИНА;ЮРИСЛИНГВИСТИКА
НЕБЕСНОЕ ТЕЛО;СОЛНЦЕ
НЕБЕСНОЕ ТЕЛО;ЛУНА
НЕБЕСНОЕ ТЕЛО;ПЛАНЕТА
НЕБЕСНОЕ ТЕЛО;СПУТНИК
НЕБЕСНОЕ ТЕЛО;КОЛЛАПСАР
НЕБЕСНОЕ ТЕЛО;КОМЕТА
НЕБЕСНОЕ ТЕЛО;АСТЕРОИД
НЕБЕСНОЕ ТЕЛО;ПРОТОГАЛАКТИКА
НЕБЕСНОЕ ТЕЛО;СВЕТИЛО
НЕБЕСНОЕ ТЕЛО;ЯПЕТ
НЕБЕСНОЕ ТЕЛО;МАГНИТАР
НЕЧИСТАЯ СИЛА;ДЬЯВОЛ
НЕЧИСТАЯ СИЛА;ПОЛТЕРГЕЙСТ
НЕЧИСТАЯ СИЛА;ЧЁРТ
НЕЧИСТАЯ СИЛА;РОГАТЫЙ
НЕЧИСТАЯ СИЛА;БЕС
НЕЧИСТАЯ СИЛА;ЧЕРТОВЩИНА
НЕЧИСТАЯ СИЛА;ДОМОВИК
НЕЧИСТАЯ СИЛА;ЛЕШИЙ
НЕЧИСТАЯ СИЛА;ЭФИОП
НЕЧИСТАЯ СИЛА;ЧОРТ
НЕЧИСТАЯ СИЛА;САТАНА
НЕЧИСТАЯ СИЛА;ГУМЕННИК
НЕЧИСТАЯ СИЛА;ВЕЛЬЗЕВУЛ
НИЖНЕЕ БЕЛЬЁ;ТРУСЫ
НИЖНЕЕ БЕЛЬЁ;ШТАНЫ
НИЖНЕЕ БЕЛЬЁ;ТРУСНЯК
НИЖНЕЕ БЕЛЬЁ;ПОЯС
НИЖНЕЕ БЕЛЬЁ;БРА
НИЖНЕЕ БЕЛЬЁ;ПОДШТАННИКИ
НИЖНЕЕ БЕЛЬЁ;ЛИФЧИК
НИЖНЕЕ БЕЛЬЁ;БЮСТГАЛЬТЕР
НИЖНЕЕ БЕЛЬЁ;КАЛЬСОНЫ
НИЖНЕЕ БЕЛЬЁ;БАНДО
НИЖНЕЕ БЕЛЬЁ;ТЕРМОБЕЛЬЁ
НИЖНЕЕ БЕЛЬЁ;СЕМЕЙНИКИ
НОСИТЕЛЬ ИНФОРМАЦИИ;КНИГА
НОСИТЕЛЬ ИНФОРМАЦИИ;ДИСК
НОСИТЕЛЬ ИНФОРМАЦИИ;ЛЕНТА
НОСИТЕЛЬ ИНФОРМАЦИИ;ФЛЭШ-ПАМЯТЬ
НОСИТЕЛЬ ИНФОРМАЦИИ;СИДИ
НОСИТЕЛЬ ИНФОРМАЦИИ;БОМБИЦИНА
ОБОРОТ РЕЧИ;МЕТАФОРА
ОБОРОТ РЕЧИ;ПОГОВОРКА
ОБОРОТ РЕЧИ;АНГЛИЦИЗМ
ОБОРОТ РЕЧИ;ГАЛЛИЦИЗМ
ОБОРОТ РЕЧИ;ГЕРМАНИЗМ
ОБОРОТ РЕЧИ;ПЛЕОНАЗМ
ОБОРОТ РЕЧИ;ТРОП
ОБРАЗ ЖИЗНИ;ПОПРОШАЙНИЧЕСТВО
ОБРАЗ ЖИЗНИ;ЦЫГАНЩИНА
ОБРАЗ ЖИЗНИ;ОРТОБИОЗ
ОБРАЗ ЖИЗНИ;РАСПУТСТВО
ОБРАЗ ЖИЗНИ;АНАХОРЕТСТВО
ОБРАЗ ЖИЗНИ;ЗОЖ
ОБРАЗ ЖИЗНИ;КОВИД
ОГНЕСТРЕЛЬНОЕ ОРУЖИЕ;АВТОМАТ
ОГНЕСТРЕЛЬНОЕ ОРУЖИЕ;ПИСТОЛЕТ
ОГНЕСТРЕЛЬНОЕ ОРУЖИЕ;МУШКЕТ
ОГНЕСТРЕЛЬНОЕ ОРУЖИЕ;РУЖЬИШКО
ОГНЕСТРЕЛЬНОЕ ОРУЖИЕ;САМОПАЛ
ОГНЕСТРЕЛЬНОЕ ОРУЖИЕ;АК
ОГНЕСТРЕЛЬНОЕ ОРУЖИЕ;ППШ
ОГНЕСТРЕЛЬНОЕ ОРУЖИЕ;САМОВЗВОД
ОПЕРАЦИОННАЯ СИСТЕМА;ВЕДРО
ОПЕРАЦИОННАЯ СИСТЕМА;ПРОГРАММА
ОПЕРАЦИОННАЯ СИСТЕМА;ПОЛУОСЬ
ОПЕРАЦИОННАЯ СИСТЕМА;ФОРТОЧКА
ОПЕРАЦИОННАЯ СИСТЕМА;АНДРОИД
ОПЕРАЦИОННАЯ СИСТЕМА;ВИНДА
ОПЕРАЦИОННАЯ СИСТЕМА;ВИНДОВС
ОПТИЧЕСКИЙ ПРИБОР;ЛУПА
ОПТИЧЕСКИЙ ПРИБОР;ТЕЛИК
ОПТИЧЕСКИЙ ПРИБОР;ЦЕЙС
ОПТИЧЕСКИЙ ПРИБОР;ГИД
ОПТИЧЕСКОЕ ЯВЛЕНИЕ;РАДУГА
ОПТИЧЕСКОЕ ЯВЛЕНИЕ;МИРАЖ
ОПТИЧЕСКОЕ ЯВЛЕНИЕ;МАРЕВО
ОПТИЧЕСКОЕ ЯВЛЕНИЕ;ИРИЗАЦИЯ
ОРАЛЬНЫЙ СЕКС;МИНЕТ
ОРАЛЬНЫЙ СЕКС;ОМЛЕТ
ОРАЛЬНЫЙ СЕКС;КУННИЛИНГУС
ОРАЛЬНЫЙ СЕКС;ФЕЛЛЯЦИЯ
ОРАЛЬНЫЙ СЕКС;ИРРУМАЦИЯ
ОРГАНИЧЕСКОЕ ВЕЩЕСТВО;ДЁГОТЬ
ОРГАНИЧЕСКОЕ ВЕЩЕСТВО;ПУРИН
ОРГАНИЧЕСКОЕ ВЕЩЕСТВО;ЛАКТАМ
ОРГАНИЧЕСКОЕ ВЕЩЕСТВО;НАФТИЛАМИН
ОРГАНИЧЕСКОЕ СОЕДИНЕНИЕ;СПИРТ
ОРГАНИЧЕСКОЕ СОЕДИНЕНИЕ;УГЛЕВОДОРОД
ОРГАНИЧЕСКОЕ СОЕДИНЕНИЕ;ФОРМИАТ
ОРГАНИЧЕСКОЕ СОЕДИНЕНИЕ;КЕТОН
ОРГАНИЧЕСКОЕ СОЕДИНЕНИЕ;ЭТАНОЛ
ОРГАНИЧЕСКОЕ СОЕДИНЕНИЕ;АЦЕТИЛЕН
ОРГАНИЧЕСКОЕ СОЕДИНЕНИЕ;МОЧЕВИНА
ОРГАНИЧЕСКОЕ СОЕДИНЕНИЕ;ГЕМАТОКСИЛИН
ОРГАНИЧЕСКОЕ СОЕДИНЕНИЕ;ДИФЕНИЛАМИН
ОРГАНИЧЕСКОЕ СОЕДИНЕНИЕ;КРЕЗОЛ
ОРГАНИЧЕСКОЕ СОЕДИНЕНИЕ;НАФТАЛИН
ОРГАНИЧЕСКОЕ СОЕДИНЕНИЕ;НИГРОЗИН
ОРГАНИЧЕСКОЕ СОЕДИНЕНИЕ;НИТРИЛ
ОРГАНИЧЕСКОЕ СОЕДИНЕНИЕ;НИТРОТОЛУОЛ
ОРГАНИЧЕСКОЕ СОЕДИНЕНИЕ;ПИРИДИН
ОРГАНИЧЕСКОЕ СОЕДИНЕНИЕ;САФРАНИН
ОРГАНИЧЕСКОЕ СОЕДИНЕНИЕ;СУЛЬФОНАЛ
ОРГАНИЧЕСКОЕ СОЕДИНЕНИЕ;ТЕРПЕН
ОРГАНИЧЕСКОЕ СОЕДИНЕНИЕ;ФЕНОЛФТАЛЕИН
ОРГАНИЧЕСКОЕ СОЕДИНЕНИЕ;ЭОЗИН
ОРГАНИЧЕСКОЕ СОЕДИНЕНИЕ;НИКОТИНАМИДАДЕНИНДИНУКЛЕОТИД
ОРГАНИЧЕСКОЕ СОЕДИНЕНИЕ;АЛКАН
ОРГАНИЧЕСКОЕ СОЕДИНЕНИЕ;АКРИЛАТ
ОРГАНИЧЕСКОЕ СОЕДИНЕНИЕ;ГЛИКОЗИД
ОРГАНИЧЕСКОЕ СОЕДИНЕНИЕ;КСИЛИДИН
ОРГАНИЧЕСКОЕ СОЕДИНЕНИЕ;АСПАРАГИНАТ
ОРГАНИЧЕСКОЕ СОЕДИНЕНИЕ;ГИДРОКСИТОЛУОЛ
ОРГАНИЧЕСКОЕ СОЕДИНЕНИЕ;ДИХЛОРДИФЕНИЛТРИХЛОРЭТАН
ОРГАНИЧЕСКОЕ СОЕДИНЕНИЕ;ДИАЗОАМИНОСОЕДИНЕНИЕ
ОРГАНИЧЕСКОЕ СОЕДИНЕНИЕ;ТЕТРАФТОРЭТИЛЕН
ОРГАНИЧЕСКОЕ СОЕДИНЕНИЕ;БГТ
ОРГАНИЧЕСКОЕ СОЕДИНЕНИЕ;ГЛУТАРАТ
ОСВЕТИТЕЛЬНЫЙ ПРИБОР;ФОНАРЬ
ОСВЕТИТЕЛЬНЫЙ ПРИБОР;ЮПИТЕР
ОСВЕТИТЕЛЬНЫЙ ПРИБОР;СВЕЧКА
ОСВЕТИТЕЛЬНЫЙ ПРИБОР;ФАРА
ОСВЕТИТЕЛЬНЫЙ ПРИБОР;СОФИТ
ПИСЬМЕННАЯ ПРИНАДЛЕЖНОСТЬ;СТИЛЬ
ПИСЬМЕННАЯ ПРИНАДЛЕЖНОСТЬ;РУЧКА
ПИСЬМЕННАЯ ПРИНАДЛЕЖНОСТЬ;МЕЛ
ПИСЬМЕННАЯ ПРИНАДЛЕЖНОСТЬ;БЛОКНОТ
ПИСЬМЕННАЯ ПРИНАДЛЕЖНОСТЬ;ТРАНСПАРАНТ
ПИСЬМЕННАЯ ПРИНАДЛЕЖНОСТЬ;ПИСАЛО
ПИТЕЙНОЕ ЗАВЕДЕНИЕ;ШИНОК
ПИТЕЙНОЕ ЗАВЕДЕНИЕ;КОРЧМА
ПИТЕЙНОЕ ЗАВЕДЕНИЕ;ЧИПОК
ПИТЕЙНОЕ ЗАВЕДЕНИЕ;СПИКИЗИ
ПИЩЕВАЯ ДОБАВКА;ОТРУБИ
ПИЩЕВАЯ ДОБАВКА;ПРИПРАВА
ПИЩЕВАЯ ДОБАВКА;ПРЯНОСТЬ
ПИЩЕВАЯ ДОБАВКА;ЭМУЛЬГАТОР
ПИЩЕВАЯ ДОБАВКА;ГУАРАН
ПИЩЕВАЯ ДОБАВКА;БУТИЛОКСИАНИЗОЛ
ПИЩЕВОЙ ПРОДУКТ;САХАР
ПИЩЕВОЙ ПРОДУКТ;СОК
ПИЩЕВОЙ ПРОДУКТ;РИС
ПИЩЕВОЙ ПРОДУКТ;СГУЩЁНКА
ПИЩЕВОЙ ПРОДУКТ;ЮКОЛА
ПИЩЕВОЙ ПРОДУКТ;КОРНФЛЕКС
ПИЩЕВОЙ ПРОДУКТ;КАКАО-МАСЛО
ПИЩЕВОЙ ПРОДУКТ;СОЛЕНИЕ
ПИЩЕВОЙ ПРОДУКТ;ХЛЕБУШЕК
ПИЩЕВОЙ ПРОДУКТ;МОЛОКОПРОДУКТ
ПЛАСТИКА#7|ПЛАСТИКА 7;ОСТЕОПЛАСТИКА
ПЛАСТИКА#7|ПЛАСТИКА 7;РИНОПЛАСТИКА
ПЛАСТИКА#7|ПЛАСТИКА 7;ОССИКУЛОПЛАСТИКА
ПЛАСТИКА#7|ПЛАСТИКА 7;ПРЕПУЦИОПЛАСТИКА
ПЛАСТИКА#7|ПЛАСТИКА 7;ВЕСТИБУЛОПЛАСТИКА
ПЛАСТИЧЕСКАЯ ОПЕРАЦИЯ;ОСТЕОПЛАСТИКА
ПЛАСТИЧЕСКАЯ ОПЕРАЦИЯ;РИНОПЛАСТИКА
ПЛАСТИЧЕСКАЯ ОПЕРАЦИЯ;БЛЕФАРОПЛАСТИКА
ПЛАСТИЧЕСКАЯ ОПЕРАЦИЯ;РИТИДЭКТОМИЯ
ПЛАСТИЧЕСКАЯ ОПЕРАЦИЯ;ОССИКУЛОПЛАСТИКА
ПЛАСТИЧЕСКАЯ ОПЕРАЦИЯ;ПРЕПУЦИОПЛАСТИКА
ПЛАСТИЧЕСКАЯ ОПЕРАЦИЯ;ВЕСТИБУЛОПЛАСТИКА
ПЛАСТИЧЕСКАЯ ОПЕРАЦИЯ;ФАЛЛОПЛАСТИКА
ПОЛЕЗНОЕ ИСКОПАЕМОЕ;УГОЛЬ
ПОЛЕЗНОЕ ИСКОПАЕМОЕ;АСФАЛЬТ
ПОЛЕЗНОЕ ИСКОПАЕМОЕ;НЕФТЬ
ПОЛЕЗНОЕ ИСКОПАЕМОЕ;ПЕТРОЛЕУМ
ПОЛЕЗНОЕ ИСКОПАЕМОЕ;ТОРФ
ПОЛЕЗНОЕ ИСКОПАЕМОЕ;НАФТА
ПОЛОВОЙ АКТ;МИНЕТ
ПОЛОВОЙ АКТ;ЕБАНУТЬ
ПОЛОВОЙ АКТ;ОТЪЕБАТЬ
ПОЛОВОЙ АКТ;ПОРЕВО
ПОЛОВОЙ АКТ;ШПИЛИ-ВИЛИ
ПОЛОВОЙ АКТ;ПОЕБУХА
ПОЛОВОЙ АКТ;ПОЕБУШЕЧКА
ПОЛОВОЙ АКТ;ЕБЕЛЬ
ПОЛОВОЙ АКТ;ОТХУЯКАТЬ
ПОЛОВОЙ АКТ;ЕБНЯ
ПОЛОВОЙ АКТ;ХАРЕВО
ПОЛОВОЙ АКТ;ПОЕБТИСЬ
ПОЛОВОЙ ОРГАН;ХУЙ
ПОЛОВОЙ ОРГАН;КЛИТОР
ПОЛОВОЙ ОРГАН;ШИШКА
ПОЛОВОЙ ОРГАН;ЯИЧНИК
ПОЛОВОЙ ОРГАН;ВУЛЬВА
ПОЛОВОЙ ОРГАН;ПИСЯ
ПОЛОВОЙ ОРГАН;КИСА
ПОЛОВОЙ ОРГАН;РЕЙТИНГ
ПОЛОВОЙ ОРГАН;МОШОНКА
ПОЛОВОЙ ОРГАН;СВАЙКА
ПОЛОВОЙ ОРГАН;БУБЕНЧИК
ПОЛОВОЙ ОРГАН;СМЫЧОК
ПОЛОВОЙ ОРГАН;ФАЛЛУС
ПОЛОВОЙ ОРГАН;СОЛОП
ПОЛОВОЙ ОРГАН;ПИЗДЮЛИНА
ПОЛОВОЙ ОРГАН;ПАПИРОС
ПОЛОВОЙ ОРГАН;ХУЁЧЕК
ПОЛОВОЙ ОРГАН;ЗАБАБАХА
ПОЛОВОЙ ОРГАН;ХУИЛЬНИК
ПОЛОВОЙ ОРГАН;ОКАЯННАЯ
ПОЛОВОЙ ОРГАН;ПИЗДЯНКА
ПОЛОВОЙ ОРГАН;ПИЗДЁНЫШКА
ПОЛОВОЙ ОРГАН;ПОЛПИЗДЫ
ПОЛОВОЙ ОРГАН;ПОЛХУЯ
ПОЛОВОЙ ОРГАН;УЗКАЯ
ПОЛОВОЙ ОРГАН;ЕЛДАЧИНА
ПОЛОВОЙ ОРГАН;ЯЙКИ
ПОЛОВОЙ ОРГАН;БЕБРА
ПОЛОВОЙ ОРГАН;СТРЕЛ
ПОЛОВОЙ ОРГАН;ХУИШЕЧКО
ПОЛОВОЙ ОРГАН;ТРАНДА
ПОСТЕЛЬНОЕ БЕЛЬЁ;ПРОСТЫНЯ
ПОСТЕЛЬНОЕ БЕЛЬЁ;НАВОЛОЧКА
ПОСТЕЛЬНОЕ БЕЛЬЁ;НАМАТРАСНИК
ПОСТЕЛЬНОЕ БЕЛЬЁ;ПОДОДЕЯЛЬНИК
ПРЕДМЕТ БЫТА;АБАЖУР
ПРЕДМЕТ БЫТА;ПОГРЕБЕЦ
ПРЕДМЕТ БЫТА;СЕРНИК
ПРЕДМЕТ БЫТА;ЭЛЕКТРОКАМИН
ПРЕДМЕТ БЫТА;РАСЧЁСКА
ПРЕДМЕТ БЫТА;ПОЛОТЕНЕЦ
ПРИЁМ ПИЩИ;ПИР
ПРИЁМ ПИЩИ;ЛАНЧ
ПРИЁМ ПИЩИ;ЛЕНЧ
ПРИЁМ ПИЩИ;ПАУЖИН
ПРИЁМ ПИЩИ;ПЕРЕКУС
ПРИЁМ ПИЩИ;ФУРШЕТ
ПРИЁМ ПИЩИ;БРАНЧ
ПРОГРАММНОЕ ОБЕСПЕЧЕНИЕ;ПРОГРАММА
ПРОГРАММНОЕ ОБЕСПЕЧЕНИЕ;ЧИТ
ПРОГРАММНОЕ ОБЕСПЕЧЕНИЕ;АЙС
ПРОГРАММНОЕ ОБЕСПЕЧЕНИЕ;СТИЛЕР
ПРОСТОЕ ВЕЩЕСТВО;ФТОР
ПРОСТОЕ ВЕЩЕСТВО;ХЛОР
ПРОСТОЕ ВЕЩЕСТВО;ЖЕЛЕЗО
ПРОСТОЕ ВЕЩЕСТВО;ЙОД
ПРОСТОЕ ВЕЩЕСТВО;БРОМ
ПРОСТОЕ ВЕЩЕСТВО;ИОД
ПРОСТОЕ ВЕЩЕСТВО;УРАН
ПСИХИЧЕСКОЕ РАССТРОЙСТВО;ШИЗА
ПСИХИЧЕСКОЕ РАССТРОЙСТВО;ИСТЕРИЯ
ПСИХИЧЕСКОЕ РАССТРОЙСТВО;МАНИЯ
ПСИХИЧЕСКОЕ РАССТРОЙСТВО;ОБСЕССИЯ
ПСИХИЧЕСКОЕ РАССТРОЙСТВО;ФОТОФОБИЯ
ПСИХИЧЕСКОЕ РАССТРОЙСТВО;ПАРАНОЙЯ
ПСИХИЧЕСКОЕ РАССТРОЙСТВО;ПСИХОЗ
ПСИХИЧЕСКОЕ РАССТРОЙСТВО;ЛИКАНТРОПИЯ
ПСИХИЧЕСКОЕ РАССТРОЙСТВО;СОЦИОФОБИЯ
ПСИХИЧЕСКОЕ РАССТРОЙСТВО;ПТСР
ПСИХИЧЕСКОЕ РАССТРОЙСТВО;СХИЗОФРЕНИЯ
ПСИХИЧЕСКОЕ РАССТРОЙСТВО;ЗООАНТРОПИЯ
РАБОЧИЙ ПОСЁЛОК;НИКОЛЬСКОЕ
РАБОЧИЙ ПОСЁЛОК;ТИШКИНО
РАБОЧИЙ ПОСЁЛОК;ОХОТСК
РАБОЧИЙ ПОСЁЛОК;ВАНИНО
РАБОЧИЙ ПОСЁЛОК;ЮЖНЫЙ
РАБОЧИЙ ПОСЁЛОК;ГОРКА
РАБОЧИЙ ПОСЁЛОК;ВЫСОКОГОРНЫЙ
РАЗМЕННАЯ МОНЕТА;СЕНТАВО
РАЗМЕННАЯ МОНЕТА;ЛЕПТА
РАЗМЕННАЯ МОНЕТА;ДИНАР
РАЗМЕННАЯ МОНЕТА;ЭРЕ
РАНГОУТНОЕ ДЕРЕВО;БУШПРИТ
РАНГОУТНОЕ ДЕРЕВО;МАЧТА
РАНГОУТНОЕ ДЕРЕВО;СТЕНЬГА
РАНГОУТНОЕ ДЕРЕВО;УТЛЕГАРЬ
РАНГОУТНОЕ ДЕРЕВО;РАЙНА
РЫБОЛОВНАЯ СНАСТЬ;КРЮЧОК
РЫБОЛОВНАЯ СНАСТЬ;МОРМЫШКА
РЫБОЛОВНАЯ СНАСТЬ;СПИННИНГ
РЫБОЛОВНАЯ СНАСТЬ;ДВУХВОСТКА
СЕЛЬСКОЕ ХОЗЯЙСТВО;АГРОНОМИЯ
СЕЛЬСКОЕ ХОЗЯЙСТВО;ЖИВОТНОВОДСТВО
СЕЛЬСКОЕ ХОЗЯЙСТВО;ФЕРМЕРСТВО
СЕЛЬСКОЕ ХОЗЯЙСТВО;АГРИКУЛЬТУРА
СЕЛЬСКОЕ ХОЗЯЙСТВО;ВИНОГРАДАРСТВО
СЕЛЬСКОЕ ХОЗЯЙСТВО;ПЧЕЛОВОДСТВО
СЕЛЬСКОЕ ХОЗЯЙСТВО;РАСТЕНИЕВОДСТВО
СЕЛЬСКОЕ ХОЗЯЙСТВО;АГРОБИЗНЕС
СЕМАНТИЧЕСКАЯ РОЛЬ;АГЕНС
СЕМАНТИЧЕСКАЯ РОЛЬ;АКТАНТ
СЕМАНТИЧЕСКАЯ РОЛЬ;ЭКСПЕРИЕНЦЕР
СЕМАНТИЧЕСКАЯ РОЛЬ;ПАЦИЕНС
СПИРТНОЙ НАПИТОК;ВОДКА
СПИРТНОЙ НАПИТОК;ГОРЮЧЕЕ
СПИРТНОЙ НАПИТОК;РОМ
СПИРТНОЙ НАПИТОК;ЧАЧА
СПИРТНОЙ НАПИТОК;ВИШНЁВКА
СПИРТНОЙ НАПИТОК;ВЕРМУТ
СПИРТНОЙ НАПИТОК;КИРШ
СПИРТНОЙ НАПИТОК;ЛИКЁР
СПИРТНОЙ НАПИТОК;ПЕННИК
СПИРТНОЙ НАПИТОК;ГОРЬКАЯ
СПИРТНОЙ НАПИТОК;АБРИКОСОВКА
СПИРТНОЙ НАПИТОК;ШМУРДЯК
СПОРТИВНАЯ ИГРА;ФУТБОЛ
СПОРТИВНАЯ ИГРА;ШАХМАТЫ
СПОРТИВНАЯ ИГРА;ХОККЕЙ
СПОРТИВНАЯ ИГРА;ВОЛЕЙБОЛ
СПОРТИВНАЯ ИГРА;РЕГБИ
СПОРТИВНАЯ ИГРА;БИЛЬЯРД
СПОРТИВНАЯ ИГРА;ТЕННИС
СПОРТИВНАЯ ИГРА;БАДМИНТОН
СПОРТИВНАЯ ИГРА;БОУЛИНГ
СПОРТИВНАЯ ИГРА;ГАНДБОЛ
СПОРТИВНАЯ ИГРА;КЁРЛИНГ
СПОРТИВНАЯ ИГРА;КРОКЕТ
СПОРТИВНАЯ ИГРА;СКВОШ
СПОРТИВНАЯ ИГРА;ПАТО
СПОРТИВНЫЙ СНАРЯД;БУЛАВА
СПОРТИВНЫЙ СНАРЯД;СКАКАЛКА
СПОРТИВНЫЙ СНАРЯД;ПРЫГАЛКИ
СПОРТИВНЫЙ СНАРЯД;ГАНТЕЛЬ
СПОРТИВНЫЙ СНАРЯД;ГРАНАТА
СПОРТИВНЫЙ СНАРЯД;РАКЕТКА
СПОРТИВНЫЙ СНАРЯД;ЭСПАНДЕР
СПОРТИВНЫЙ СНАРЯД;СНОУБОРД
СПОРТИВНЫЙ СНАРЯД;ЛОПИНГ
СПОРТИВНЫЙ СНАРЯД;ФРИСБИ
СПОРТИВНЫЙ СНАРЯД;ТУРНИЧОК
СРЕДСТВО ПЕРЕДВИЖЕНИЯ;ВЕЛОСИПЕД
СРЕДСТВО ПЕРЕДВИЖЕНИЯ;ГЕЛИКОПТЕР
СРЕДСТВО ПЕРЕДВИЖЕНИЯ;КВАДРУПЛЕТ
СРЕДСТВО ПЕРЕДВИЖЕНИЯ;САМОКАТ
СРЕДСТВО ПЕРЕДВИЖЕНИЯ;ИНТРОЦИКЛ
СТИЛИСТИЧЕСКИЙ ПРИЁМ;СИНЕКДОХА
СТИЛИСТИЧЕСКИЙ ПРИЁМ;ЭПИФОРА
СТИЛИСТИЧЕСКИЙ ПРИЁМ;ОКСЮМОРОН
СТИЛИСТИЧЕСКИЙ ПРИЁМ;ПЛЕОНАЗМ
СТИЛИСТИЧЕСКИЙ ПРИЁМ;ПЕРИФРАЗА
СТИХИЙНОЕ БЕДСТВИЕ;НАВОДНЕНИЕ
СТИХИЙНОЕ БЕДСТВИЕ;ПОТОП
СТИХИЙНОЕ БЕДСТВИЕ;ЗАСУХА
СТИХИЙНОЕ БЕДСТВИЕ;ОПОЛЗЕНЬ
СТИХИЙНОЕ БЕДСТВИЕ;ТОРНАДО
СТОРОНА СВЕТА;ЛЕТО
СТОРОНА СВЕТА;ЮГ
СТОРОНА СВЕТА;СЕВЕР
СТОРОНА СВЕТА;ВОСТОК
СТОРОНА СВЕТА;ВОСХОД
СТРОИТЕЛЬНЫЙ МАТЕРИАЛ;АСФАЛЬТ
СТРОИТЕЛЬНЫЙ МАТЕРИАЛ;БЕТОН
СТРОИТЕЛЬНЫЙ МАТЕРИАЛ;ЦЕМЕНТ
СТРОИТЕЛЬНЫЙ МАТЕРИАЛ;АРБОЛИТ
СТРОИТЕЛЬНЫЙ МАТЕРИАЛ;ЕЛЬНИК
СТРОИТЕЛЬНЫЙ МАТЕРИАЛ;КАФЕЛЬ
СТРОИТЕЛЬНЫЙ МАТЕРИАЛ;ПЕНОПЛАСТ
СТРОИТЕЛЬНЫЙ МАТЕРИАЛ;РУБЕРОИД
СТРОИТЕЛЬНЫЙ МАТЕРИАЛ;ШТАПИК
СТРОИТЕЛЬНЫЙ МАТЕРИАЛ;ГСП
СТРОИТЕЛЬНЫЙ МАТЕРИАЛ;ДУБЬЁ
СТРОИТЕЛЬНЫЙ МАТЕРИАЛ;ГИПСОКАРТОН
СТРОИТЕЛЬНЫЙ МАТЕРИАЛ;ПАРОНИТ
СТРОИТЕЛЬНЫЙ МАТЕРИАЛ;ГИПРОК
СТРУКТУРА ДАННЫХ;ОЧЕРЕДЬ
СТРУКТУРА ДАННЫХ;ДЕРЕВО
СТРУКТУРА ДАННЫХ;КОРТЕЖ
СТРУКТУРА ДАННЫХ;ТАБЛИЦА
ТАКСОНОМИЧЕСКИЙ РАНГ;ОТРЯД
ТАКСОНОМИЧЕСКИЙ РАНГ;КОГОРТА
ТАКСОНОМИЧЕСКИЙ РАНГ;ДОМЕН
ТАКСОНОМИЧЕСКИЙ РАНГ;ЦАРСТВО
ТАКСОНОМИЧЕСКИЙ РАНГ;НАДКЛАСС
ТЕХНИЧЕСКОЕ СРЕДСТВО;ВИДЕОТЕХНОЛОГИЯ
ТЕХНИЧЕСКОЕ СРЕДСТВО;ВИДЕОИНСТРУМЕНТАРИЙ
ТЕХНИЧЕСКОЕ СРЕДСТВО;АКВАТЕХНИКА
ТЕХНИЧЕСКОЕ СРЕДСТВО;ТСПУ
ТОРГОВАЯ МАРКА;БИРЮСА
ТОРГОВАЯ МАРКА;ГАЗ
ТОРГОВАЯ МАРКА;ПЕЖО
ТОРГОВАЯ МАРКА;ПАЗ
ТРАНСПОРТНОЕ СРЕДСТВО;КОРАБЛЬ
ТРАНСПОРТНОЕ СРЕДСТВО;АВТОМОБИЛЬ
ТРАНСПОРТНОЕ СРЕДСТВО;ВЕЛОСИПЕД
ТРАНСПОРТНОЕ СРЕДСТВО;МОТОЦИКЛ
ТРАНСПОРТНОЕ СРЕДСТВО;ПАРОМ
ТРАНСПОРТНОЕ СРЕДСТВО;САНКИ
ТРАНСПОРТНОЕ СРЕДСТВО;ХОЛОДИЛЬНИК
ТРАНСПОРТНОЕ СРЕДСТВО;ЛОДКА
ТРАНСПОРТНОЕ СРЕДСТВО;РЕЙС
ТРАНСПОРТНОЕ СРЕДСТВО;ПОВОЗКА
ТРАНСПОРТНОЕ СРЕДСТВО;КАТАФАЛК
ТРАНСПОРТНОЕ СРЕДСТВО;МОТОР
ТРАНСПОРТНОЕ СРЕДСТВО;ВЕРТОЛЁТ
ТРАНСПОРТНОЕ СРЕДСТВО;ШЕСТЁРКА
ТРАНСПОРТНОЕ СРЕДСТВО;ТИХОХОДКА
ТРАНСПОРТНОЕ СРЕДСТВО;ДЕЖУРКА
ТРАНСПОРТНОЕ СРЕДСТВО;ТАРАТАЙКА
ТРАНСПОРТНОЕ СРЕДСТВО;АВТОВОЗ
ТРАНСПОРТНОЕ СРЕДСТВО;БОЛОТОХОД
ТРАНСПОРТНОЕ СРЕДСТВО;БОЛЬШЕГРУЗ
ТРАНСПОРТНОЕ СРЕДСТВО;ВЕЗДЕХОД
ТРАНСПОРТНОЕ СРЕДСТВО;ГИДРОЦИКЛ
ТРАНСПОРТНОЕ СРЕДСТВО;ГРУЗОВОЗ
ТРАНСПОРТНОЕ СРЕДСТВО;ЛОКОМОБИЛЬ
ТРАНСПОРТНОЕ СРЕДСТВО;ЛОКОМОТИВ
ТРАНСПОРТНОЕ СРЕДСТВО;ЛУНОХОД
ТРАНСПОРТНОЕ СРЕДСТВО;МИКСЕР
ТРАНСПОРТНОЕ СРЕДСТВО;МОПЕД
ТРАНСПОРТНОЕ СРЕДСТВО;ПРИЦЕП
ТРАНСПОРТНОЕ СРЕДСТВО;РЕФРИЖЕРАТОР
ТРАНСПОРТНОЕ СРЕДСТВО;СНЕГОХОД
ТРАНСПОРТНОЕ СРЕДСТВО;ФУНИКУЛЁР
ТРАНСПОРТНОЕ СРЕДСТВО;ТРИЦИКЛ
ТРАНСПОРТНОЕ СРЕДСТВО;АМФИБИЯ
ТРАНСПОРТНОЕ СРЕДСТВО;СЕМЁРКА
ТРАНСПОРТНОЕ СРЕДСТВО;МОТИК
ТРАНСПОРТНОЕ СРЕДСТВО;АЭРОХОД
ТРАНСПОРТНОЕ СРЕДСТВО;КОЛЯСЫЧ
ТРАНСПОРТНОЕ СРЕДСТВО;МНОГОТОННИК
ТРАНСПОРТНОЕ СРЕДСТВО;БАЛКОВОЗ
ТРАНСПОРТНОЕ СРЕДСТВО;ХОВЕРБАЙК
ТРАНСПОРТНОЕ СРЕДСТВО;ШНЕКОХОД
ТРАНСПОРТНОЕ СРЕДСТВО;ВАХТОВКА
ТРАНСПОРТНОЕ СРЕДСТВО;АНВИПЛАН
ТРАНСПОРТНОЕ СРЕДСТВО;ХАБАЗИНА
УЧЕБНОЕ ЗАВЕДЕНИЕ;АКАДЕМИЯ
УЧЕБНОЕ ЗАВЕДЕНИЕ;АЛЬМА-МАТЕР
УЧЕБНОЕ ЗАВЕДЕНИЕ;УЧИЛИЩЕ
УЧЕБНОЕ ЗАВЕДЕНИЕ;КОЛЛЕДЖ
УЧЕБНОЕ ЗАВЕДЕНИЕ;ТЕХНИКУМ
УЧЕБНОЕ ЗАВЕДЕНИЕ;ПАНСИОН
УЧЕБНОЕ ЗАВЕДЕНИЕ;БУРСА
УЧЕБНОЕ ЗАВЕДЕНИЕ;ГИМНАЗИЯ
УЧЕБНОЕ ЗАВЕДЕНИЕ;КОНСЕРВАТОРИЯ
УЧЕБНОЕ ЗАВЕДЕНИЕ;ЛИЦЕЙ
УЧЕБНОЕ ЗАВЕДЕНИЕ;РЕМЕСЛУХА
УЧЕБНОЕ ЗАВЕДЕНИЕ;ПУ
УЧЕБНОЕ ЗАВЕДЕНИЕ;МОУ
УЧЕБНОЕ ЗАВЕДЕНИЕ;СОШ
УЧЕБНОЕ ЗАВЕДЕНИЕ;БАУМАНКА
УЧЕБНОЕ ЗАВЕДЕНИЕ;ВХУТЕМАС
УЧЕБНОЕ ЗАВЕДЕНИЕ;УКК
УЧЕБНЫЙ ПРЕДМЕТ;ФИЛОСОФИЯ
УЧЕБНЫЙ ПРЕДМЕТ;ОБЩЕСТВО
УЧЕБНЫЙ ПРЕДМЕТ;БОТАНИКА
УЧЕБНЫЙ ПРЕДМЕТ;ФИЗИОЛОГИЯ
УЧЕБНЫЙ ПРЕДМЕТ;ЗООЛОГИЯ
УЧЕБНЫЙ ПРЕДМЕТ;КРАЕВЕДЕНИЕ
УЧЕБНЫЙ ПРЕДМЕТ;МУРМАНОВЕДЕНИЕ
ФИГУРА РЕЧИ;АЛЛЮЗИЯ
ФИГУРА РЕЧИ;АЛЛЕГОРИЯ
ФИГУРА РЕЧИ;СИНЕКДОХА
ФИГУРА РЕЧИ;ЛИТОТА
ФИГУРА РЕЧИ;ЭПИТЕТ
ФИГУРА РЕЧИ;ОКСЮМОРОН
ФИГУРА РЕЧИ;АНАЛОГИЯ
ФИГУРА РЕЧИ;ЭЛЛИПС
ФИГУРА РЕЧИ;ЭЛИЗИЯ
ФИГУРА РЕЧИ;АМФИБОЛИЯ
ФИГУРА РЕЧИ;АНАЭПИФОРА
ФИГУРА РЕЧИ;СИМПЛОКА
ФИГУРА РЕЧИ;ЭПАНАФОРА
ФИГУРА РЕЧИ;АНТИМЕТАБОЛА
ФИГУРА РЕЧИ;ЗЕВГМА
ФИГУРА РЕЧИ;ГЕНДИАДИС
ФИЗИЧЕСКАЯ ВЕЛИЧИНА;ЁМКОСТЬ
ФИЗИЧЕСКАЯ ВЕЛИЧИНА;ДАВЛЕНИЕ
ФИЗИЧЕСКАЯ ВЕЛИЧИНА;ЭНЕРГИЯ
ФИЗИЧЕСКАЯ ВЕЛИЧИНА;ТОК
ФИЗИЧЕСКАЯ ВЕЛИЧИНА;ЧАСТОТА
ФИЗИЧЕСКАЯ ВЕЛИЧИНА;ИНСОЛЯЦИЯ
ХИМИЧЕСКАЯ РЕАКЦИЯ;КОМПЛЕКСООБРАЗОВАНИЕ
ХИМИЧЕСКАЯ РЕАКЦИЯ;ФОТОРЕАКЦИЯ
ХИМИЧЕСКАЯ РЕАКЦИЯ;ГИДРОЛИЗ
ХИМИЧЕСКАЯ РЕАКЦИЯ;ДИАЗОТИРОВАНИЕ
ХИМИЧЕСКАЯ РЕАКЦИЯ;ОМЫЛЕНИЕ
ХИМИЧЕСКАЯ РЕАКЦИЯ;АЦИЛИРОВАНИЕ
ХИМИЧЕСКАЯ РЕАКЦИЯ;ДЕГИДРОХЛОРИРОВАНИЕ
ХИМИЧЕСКАЯ РЕАКЦИЯ;ОМЫЛИВАНИЕ
ХИМИЧЕСКАЯ РЕАКЦИЯ;САПОНИФИКАЦИЯ
ХИМИЧЕСКИЙ ЭЛЕМЕНТ;АЛЮМИНИЙ
ХИМИЧЕСКИЙ ЭЛЕМЕНТ;ВОДОРОД
ХИМИЧЕСКИЙ ЭЛЕМЕНТ;ФТОР
ХИМИЧЕСКИЙ ЭЛЕМЕНТ;ХЛОР
ХИМИЧЕСКИЙ ЭЛЕМЕНТ;ЛИТИЙ
ХИМИЧЕСКИЙ ЭЛЕМЕНТ;ОЛОВО
ХИМИЧЕСКИЙ ЭЛЕМЕНТ;КРЕМНИЙ
ХИМИЧЕСКИЙ ЭЛЕМЕНТ;УГЛЕРОД
ХИМИЧЕСКИЙ ЭЛЕМЕНТ;СВИНЕЦ
ХИМИЧЕСКИЙ ЭЛЕМЕНТ;НЕОН
ХИМИЧЕСКИЙ ЭЛЕМЕНТ;ЖЕЛЕЗО
ХИМИЧЕСКИЙ ЭЛЕМЕНТ;АРГОН
ХИМИЧЕСКИЙ ЭЛЕМЕНТ;СЕРА
ХИМИЧЕСКИЙ ЭЛЕМЕНТ;ФОСФОР
ХИМИЧЕСКИЙ ЭЛЕМЕНТ;ЦИНК
ХИМИЧЕСКИЙ ЭЛЕМЕНТ;ПЛАТИНА
ХИМИЧЕСКИЙ ЭЛЕМЕНТ;НИКЕЛЬ
ХИМИЧЕСКИЙ ЭЛЕМЕНТ;ИРИДИЙ
ХИМИЧЕСКИЙ ЭЛЕМЕНТ;КРИПТОН
ХИМИЧЕСКИЙ ЭЛЕМЕНТ;ЙОД
ХИМИЧЕСКИЙ ЭЛЕМЕНТ;ХРОМ
ХИМИЧЕСКИЙ ЭЛЕМЕНТ;МЫШЬЯК
ХИМИЧЕСКИЙ ЭЛЕМЕНТ;БРОМ
ХИМИЧЕСКИЙ ЭЛЕМЕНТ;МЕТАЛЛ
ХИМИЧЕСКИЙ ЭЛЕМЕНТ;НЕОДИМ
ХИМИЧЕСКИЙ ЭЛЕМЕНТ;ГАЛОГЕН
ХИМИЧЕСКИЙ ЭЛЕМЕНТ;КОЛУМБИЙ
ХИМИЧЕСКИЙ ЭЛЕМЕНТ;ИОД
ХИМИЧЕСКИЙ ЭЛЕМЕНТ;ВАНАДИЙ
ХИМИЧЕСКИЙ ЭЛЕМЕНТ;УНУНУНИЙ
ХИМИЧЕСКИЙ ЭЛЕМЕНТ;РЕНТГЕНИЙ
ХИМИЧЕСКИЙ ЭЛЕМЕНТ;СУРЬМА
ХИМИЧЕСКИЙ ЭЛЕМЕНТ;АКТИНОИД
ХИМИЧЕСКИЙ ЭЛЕМЕНТ;ВОЛЬФРАМ
ХИМИЧЕСКИЙ ЭЛЕМЕНТ;ГАЛЛИЙ
ХИМИЧЕСКИЙ ЭЛЕМЕНТ;ГАЛОИД
ХИМИЧЕСКИЙ ЭЛЕМЕНТ;ГОЛЬМИЙ
ХИМИЧЕСКИЙ ЭЛЕМЕНТ;ЕВРОПИЙ
ХИМИЧЕСКИЙ ЭЛЕМЕНТ;ИТТЕРБИЙ
ХИМИЧЕСКИЙ ЭЛЕМЕНТ;ЛАНТАНОИД
ХИМИЧЕСКИЙ ЭЛЕМЕНТ;МАКРОЭЛЕМЕНТ
ХИМИЧЕСКИЙ ЭЛЕМЕНТ;НИОБИЙ
ХИМИЧЕСКИЙ ЭЛЕМЕНТ;ОСМИЙ
ХИМИЧЕСКИЙ ЭЛЕМЕНТ;ПАЛЛАДИЙ
ХИМИЧЕСКИЙ ЭЛЕМЕНТ;ПРОМЕТИЙ
ХИМИЧЕСКИЙ ЭЛЕМЕНТ;РАДИЙ
ХИМИЧЕСКИЙ ЭЛЕМЕНТ;САМАРИЙ
ХИМИЧЕСКИЙ ЭЛЕМЕНТ;СИЛИЦИЙ
ХИМИЧЕСКИЙ ЭЛЕМЕНТ;СТРОНЦИЙ
ХИМИЧЕСКИЙ ЭЛЕМЕНТ;ТАНТАЛ
ХИМИЧЕСКИЙ ЭЛЕМЕНТ;ТЕХНЕЦИЙ
ХИМИЧЕСКИЙ ЭЛЕМЕНТ;ТУЛИЙ
ХИМИЧЕСКИЙ ЭЛЕМЕНТ;УРАН
ХИМИЧЕСКИЙ ЭЛЕМЕНТ;ЦИРКОНИЙ
ХИМИЧЕСКИЙ ЭЛЕМЕНТ;ЭЙНШТЕЙНИЙ
ХИМИЧЕСКИЙ ЭЛЕМЕНТ;ФЛЕРОВИЙ
ХИМИЧЕСКИЙ ЭЛЕМЕНТ;ТИТАН
ХИМИЧЕСКИЙ ЭЛЕМЕНТ;ХАССИЙ
ХИМИЧЕСКИЙ ЭЛЕМЕНТ;УНУНГЕКСИЙ
ХИМИЧЕСКИЙ ЭЛЕМЕНТ;УНУНКВАДИЙ
ХИМИЧЕСКИЙ ЭЛЕМЕНТ;УНУНОКТИЙ
ХИМИЧЕСКИЙ ЭЛЕМЕНТ;КУРЧАТОВИЙ
ХИМИЧЕСКИЙ ЭЛЕМЕНТ;НИЛЬСБОРИЙ
ХИМИЧЕСКИЙ ЭЛЕМЕНТ;УНБИНИЛИЙ
ХИМИЧЕСКИЙ ЭЛЕМЕНТ;БРЕВИЙ
ХИМИЧЕСКИЙ ЭЛЕМЕНТ;ТЕННЕССИН
ХИМИЧЕСКИЙ ЭЛЕМЕНТ;ОГАНЕСОН
ХИМИЧЕСКИЙ ЭЛЕМЕНТ;МОСКОВИЙ
ХИМИЧЕСКИЙ ЭЛЕМЕНТ;ГЛИНИЙ
ХИМИЧЕСКОЕ СОЕДИНЕНИЕ;ФТОР
ХИМИЧЕСКОЕ СОЕДИНЕНИЕ;БРОМ
ХИМИЧЕСКОЕ СОЕДИНЕНИЕ;СПИРТ
ХИМИЧЕСКОЕ СОЕДИНЕНИЕ;ОКИСЕЛ
ХИМИЧЕСКОЕ СОЕДИНЕНИЕ;УГЛЕВОДОРОД
ХИМИЧЕСКОЕ СОЕДИНЕНИЕ;КЕТОН
ХИМИЧЕСКОЕ СОЕДИНЕНИЕ;ЭТАНОЛ
ХИМИЧЕСКОЕ СОЕДИНЕНИЕ;КОМПЛЕКС
ХИМИЧЕСКОЕ СОЕДИНЕНИЕ;КАРБОНАТ
ХИМИЧЕСКОЕ СОЕДИНЕНИЕ;ГИДРООКИСЬ
ХИМИЧЕСКОЕ СОЕДИНЕНИЕ;ПЕРЕКИСЬ
ХИМИЧЕСКОЕ СОЕДИНЕНИЕ;АМИД
ХИМИЧЕСКОЕ СОЕДИНЕНИЕ;ВИСМУТИН
ХИМИЧЕСКОЕ СОЕДИНЕНИЕ;ГИДРАЗИН
ХИМИЧЕСКОЕ СОЕДИНЕНИЕ;ДЕТЕРГЕНТ
ХИМИЧЕСКОЕ СОЕДИНЕНИЕ;ДИСУЛЬФИД
ХИМИЧЕСКОЕ СОЕДИНЕНИЕ;КУПОРОС
ХИМИЧЕСКОЕ СОЕДИНЕНИЕ;ОЗОН
ХИМИЧЕСКОЕ СОЕДИНЕНИЕ;ОКСИД
ХИМИЧЕСКОЕ СОЕДИНЕНИЕ;ФУРФУРОЛ
ХИМИЧЕСКОЕ СОЕДИНЕНИЕ;ЭНЗИМ
ХИМИЧЕСКОЕ СОЕДИНЕНИЕ;КОФЕРМЕНТ
ХИМИЧЕСКОЕ СОЕДИНЕНИЕ;ПРОЛЕКАРСТВО
ХИМИЧЕСКОЕ СОЕДИНЕНИЕ;ИБУПРОФЕН
ХИМИЧЕСКОЕ СОЕДИНЕНИЕ;ПРЕДНИЗОЛОН
ХИМИЧЕСКОЕ СОЕДИНЕНИЕ;ФЛУОКСЕТИН
ХИМИЧЕСКОЕ СОЕДИНЕНИЕ;ФУЛЛЕРЕН
ХИМИЧЕСКОЕ СОЕДИНЕНИЕ;БОРАН
ХИМИЧЕСКОЕ СОЕДИНЕНИЕ;ФУРАН
ХИМИЧЕСКОЕ СОЕДИНЕНИЕ;ГЕКСАН
ХИМИЧЕСКОЕ СОЕДИНЕНИЕ;ОКТАДЕКАН
ХИМИЧЕСКОЕ СОЕДИНЕНИЕ;СИЛОКСАН
ХИМИЧЕСКОЕ СОЕДИНЕНИЕ;СИЛАН
ХИМИЧЕСКОЕ СОЕДИНЕНИЕ;АСТАТОВОДОРОД
ХИМИЧЕСКОЕ СОЕДИНЕНИЕ;ПСЕВДОГАЛОГЕН
ХИМИЧЕСКОЕ СОЕДИНЕНИЕ;АММИН
ХИМИЧЕСКОЕ СОЕДИНЕНИЕ;ТЕТРАГИДРОКСОЦИНКАТ
ХИМИЧЕСКОЕ СОЕДИНЕНИЕ;ГИРОМИТРИН
ХИМИЧЕСКОЕ СОЕДИНЕНИЕ;ТРОПИН
ХИМИЧЕСКОЕ СОЕДИНЕНИЕ;ФОСФИН
ХИМИЧЕСКОЕ СОЕДИНЕНИЕ;ЦИНКМЕТИЛ
ХИМИЧЕСКОЕ СОЕДИНЕНИЕ;СЕЛЕНОВОДОРОД
ХИРУРГИЧЕСКАЯ ОПЕРАЦИЯ;КОЛОСТОМИЯ
ХИРУРГИЧЕСКАЯ ОПЕРАЦИЯ;АДЕНОТОМИЯ
ХИРУРГИЧЕСКАЯ ОПЕРАЦИЯ;ОСТЕОТОМИЯ
ХИРУРГИЧЕСКАЯ ОПЕРАЦИЯ;ФЛЕБОЛИЗ
ХИРУРГИЧЕСКАЯ ОПЕРАЦИЯ;ВАЗЭКТОМИЯ
ХИРУРГИЧЕСКАЯ ОПЕРАЦИЯ;ПРОКТОКОЛЭКТОМИЯ
ХИРУРГИЧЕСКАЯ ОПЕРАЦИЯ;ФЕНЕСТРАЦИЯ
ХИРУРГИЧЕСКАЯ ОПЕРАЦИЯ;ЦИРКУМЦИЗИЯ
ХИРУРГИЧЕСКАЯ ОПЕРАЦИЯ;ТОНЗИЛЛОТОМИЯ
ХИРУРГИЧЕСКАЯ ОПЕРАЦИЯ;АДЕНОТОНЗИЛЛЭКТОМИЯ
ХИРУРГИЧЕСКАЯ ОПЕРАЦИЯ;ЛОБОТОМИЯ
ХИРУРГИЧЕСКАЯ ОПЕРАЦИЯ;ТРАНСВЕРЗОСТОМИЯ
ХИРУРГИЧЕСКАЯ ОПЕРАЦИЯ;ГАСТРЭКТОМИЯ
ХИРУРГИЧЕСКАЯ ОПЕРАЦИЯ;АХИЛЛОТОМИЯ
ХИРУРГИЧЕСКАЯ ОПЕРАЦИЯ;АКШ
ХИРУРГИЧЕСКИЙ ИНСТРУМЕНТ;ЛАНЦЕТ
ХИРУРГИЧЕСКИЙ ИНСТРУМЕНТ;СКАЛЬПЕЛЬ
ХИРУРГИЧЕСКИЙ ИНСТРУМЕНТ;ТРОАКАР
ХИРУРГИЧЕСКИЙ ИНСТРУМЕНТ;ОСТЕОТОМ
ХИРУРГИЧЕСКИЙ ИНСТРУМЕНТ;ЭНЦЕФАЛОТОМ
ХЛЕБОБУЛОЧНОЕ ИЗДЕЛИЕ;ХЛЕБЕЦ
ХЛЕБОБУЛОЧНОЕ ИЗДЕЛИЕ;САЕЧКА
ХЛЕБОБУЛОЧНОЕ ИЗДЕЛИЕ;САЙКА
ХЛЕБОБУЛОЧНОЕ ИЗДЕЛИЕ;КРУАССАНЧИК
ХОЛОДНОЕ ОРУЖИЕ;БУЛАВА
ХОЛОДНОЕ ОРУЖИЕ;ТЕСАК
ХОЛОДНОЕ ОРУЖИЕ;АТИЛЛ
ХОЛОДНОЕ ОРУЖИЕ;МЕЧ
ХОЛОДНОЕ ОРУЖИЕ;КОПЬЁ
ХОЛОДНОЕ ОРУЖИЕ;ЯТАГАН
ХОЛОДНОЕ ОРУЖИЕ;КИСТЕНЬ
ХОЛОДНОЕ ОРУЖИЕ;СЕКИРА
ХОЛОДНОЕ ОРУЖИЕ;ЦЕП
ХОЛОДНОЕ ОРУЖИЕ;КОРТИК
ХОЛОДНОЕ ОРУЖИЕ;САБЛЯ
ХОЛОДНОЕ ОРУЖИЕ;ШПАГА
ХОЛОДНОЕ ОРУЖИЕ;РАПИРА
ХОЛОДНОЕ ОРУЖИЕ;ЭСПАДРОН
ХОЛОДНОЕ ОРУЖИЕ;АЛЕБАРДА
ХОЛОДНОЕ ОРУЖИЕ;ЗАТОЧКА
ХОЛОДНОЕ ОРУЖИЕ;БЕРДЫШ
ХОЛОДНОЕ ОРУЖИЕ;НУНЧАКИ
ХОЛОДНОЕ ОРУЖИЕ;ПАЛАШ
ХОЛОДНОЕ ОРУЖИЕ;РИППЕР
ХОЛОДНОЕ ОРУЖИЕ;ШТЫК
ХОЛОДНОЕ ОРУЖИЕ;РИГГИНГНАЙФ
ХОЛОДНОЕ ОРУЖИЕ;КАТАНА
ХОЛОДНОЕ ОРУЖИЕ;ПИЛУМ
ХОЛОДНОЕ ОРУЖИЕ;НАЛАДОННИК
ХОЛОДНОЕ ОРУЖИЕ;ДАГА
ХОЛОДНОЕ ОРУЖИЕ;КВИЛОН
ХОЛОДНОЕ ОРУЖИЕ;ФЛАМБЕРГ
ХОЛОДНОЕ ОРУЖИЕ;ГАСИЛО
ХОЛОДНОЕ ОРУЖИЕ;КУБОТАН
ХОЛОДНОЕ ОРУЖИЕ;МОРГЕНШТЕРН
ХОЛОДНОЕ ОРУЖИЕ;ПУУККО
ЦЕННАЯ БУМАГА;ОБЯЗАТЕЛЬСТВО
ЦЕННАЯ БУМАГА;ДЕРИВАТИВ
ЦЕННАЯ БУМАГА;ОБЛИГАЦИЯ
ЦЕННАЯ БУМАГА;АККРЕДИТИВ
ЦЕННАЯ БУМАГА;ЗАЁМ
ЦЕННАЯ БУМАГА;БОНД
ЧАСТЬ РЕЧИ;ГЛАГОЛ
ЧАСТЬ РЕЧИ;МЕСТОИМЕНИЕ
ЧАСТЬ РЕЧИ;СУЩЕСТВИТЕЛЬНОЕ
ЧАСТЬ РЕЧИ;ПРИЛАГАТЕЛЬНОЕ
ЧАСТЬ РЕЧИ;ДЕЕПРИЧАСТИЕ
ЧАСТЬ РЕЧИ;ЧАСТИЦА
ЧАСТЬ РЕЧИ;МЕЖДОМЕТИЕ
ЧАСТЬ РЕЧИ;ЧИСЛИТЕЛЬНОЕ
ЧАСТЬ РЕЧИ;ПРЕДИКАТИВ
ЧАСТЬ РЕЧИ;АРТИКЛЬ
ЧАСТЬ РЕЧИ;ПОСЛЕЛОГ
ЧАСТЬ РЕЧИ;СТАТИВ
ЧАСТЬ РЕЧИ;СУБСТАНТИВ
ЧАСТЬ РЕЧИ;ИНТЕРЪЕКЦИЯ
ЧАСТЬ СВЕТА;АЗИЯ
ЧАСТЬ СВЕТА;ЕВРОПА
ЧАСТЬ СВЕТА;АМЕРИКА
ЧАСТЬ СВЕТА;АФРИКА
ЧАСТЬ СЛОВА;ОСНОВА
ЧАСТЬ СЛОВА;ПРИСТАВКА
ЧАСТЬ СЛОВА;ФЛЕКСИЯ
ЧАСТЬ СЛОВА;ФОРМАНТ
ЧАСТЬ ТЕЛА;РОЖА
ЧАСТЬ ТЕЛА;ХУЙ
ЧАСТЬ ТЕЛА;КАДЫК
ЧАСТЬ ТЕЛА;АНУС
ЧАСТЬ ТЕЛА;ВЛАГАЛИЩЕ
ЧАСТЬ ТЕЛА;КЛЮВ
ЧАСТЬ ТЕЛА;ПЕЧЕНЬ
ЧАСТЬ ТЕЛА;РОТ
ЧАСТЬ ТЕЛА;РУКА
ЧАСТЬ ТЕЛА;ЛОБ
ЧАСТЬ ТЕЛА;НОС
ЧАСТЬ ТЕЛА;ПЛЕЧО
ЧАСТЬ ТЕЛА;ШЕЯ
ЧАСТЬ ТЕЛА;ДОЛЯ
ЧАСТЬ ТЕЛА;КОСТЬ
ЧАСТЬ ТЕЛА;НОГОТЬ
ЧАСТЬ ТЕЛА;ЖИВОТ
ЧАСТЬ ТЕЛА;СПИНА
ЧАСТЬ ТЕЛА;ГЛАВА
ЧАСТЬ ТЕЛА;ЩЕКА
ЧАСТЬ ТЕЛА;ЛОКОТЬ
ЧАСТЬ ТЕЛА;БЕДРО
ЧАСТЬ ТЕЛА;ШНОБЕЛЬ
ЧАСТЬ ТЕЛА;БАШКА
ЧАСТЬ ТЕЛА;СТЕБЕЛЁК
ЧАСТЬ ТЕЛА;ЗАТЫЛОК
ЧАСТЬ ТЕЛА;ЩИКОЛОТКА
ЧАСТЬ ТЕЛА;ПЕНИС
ЧАСТЬ ТЕЛА;ВАГИНА
ЧАСТЬ ТЕЛА;ПАХ
ЧАСТЬ ТЕЛА;БЮСТ
ЧАСТЬ ТЕЛА;ПИСЯ
ЧАСТЬ ТЕЛА;ПИСЮН
ЧАСТЬ ТЕЛА;ЗОБ
ЧАСТЬ ТЕЛА;СРАМ
ЧАСТЬ ТЕЛА;ВЕКО
ЧАСТЬ ТЕЛА;ПОПА
ЧАСТЬ ТЕЛА;КОЛЕНКА
ЧАСТЬ ТЕЛА;БУФЕР
ЧАСТЬ ТЕЛА;БУЛКА
ЧАСТЬ ТЕЛА;ЗАДНИЦА
ЧАСТЬ ТЕЛА;УСТА
ЧАСТЬ ТЕЛА;ПЕРСТ
ЧАСТЬ ТЕЛА;ЧРЕВО
ЧАСТЬ ТЕЛА;УТРОБА
ЧАСТЬ ТЕЛА;СТЕГНО
ЧАСТЬ ТЕЛА;АБДОМЕН
ЧАСТЬ ТЕЛА;ТУЛОВИЩЕ
ЧАСТЬ ТЕЛА;ЗАПЯСТЬЕ
ЧАСТЬ ТЕЛА;РЕПА
ЧАСТЬ ТЕЛА;РЕЙТИНГ
ЧАСТЬ ТЕЛА;ПИСЬКА
ЧАСТЬ ТЕЛА;ПУЗО
ЧАСТЬ ТЕЛА;ЖБАН
ЧАСТЬ ТЕЛА;ПЯТАЧОК
ЧАСТЬ ТЕЛА;ЗАКОРКИ
ЧАСТЬ ТЕЛА;ГОЛЕНЬ
ЧАСТЬ ТЕЛА;ЛАНИТА
ЧАСТЬ ТЕЛА;МИГАЛКА
ЧАСТЬ ТЕЛА;МОШОНКА
ЧАСТЬ ТЕЛА;ПЛЕШЬ
ЧАСТЬ ТЕЛА;ПОДМЫШКА
ЧАСТЬ ТЕЛА;ПОЛОСТЬ
ЧАСТЬ ТЕЛА;ПОЯСНИЦА
ЧАСТЬ ТЕЛА;РЯХА
ЧАСТЬ ТЕЛА;ЧЕЛЮСТЬ
ЧАСТЬ ТЕЛА;ЯГОДИЦА
ЧАСТЬ ТЕЛА;ВИСОК
ЧАСТЬ ТЕЛА;ДЫХ
ЧАСТЬ ТЕЛА;ЗАДОК
ЧАСТЬ ТЕЛА;КОПЧИК
ЧАСТЬ ТЕЛА;МЕНИСК
ЧАСТЬ ТЕЛА;РТИЩЕ
ЧАСТЬ ТЕЛА;СЛЕЗНИК
ЧАСТЬ ТЕЛА;СТАН
ЧАСТЬ ТЕЛА;ШЛАНГ
ЧАСТЬ ТЕЛА;БРЮХО
ЧАСТЬ ТЕЛА;ГУЗНО
ЧАСТЬ ТЕЛА;РЫЛЬЦЕ
ЧАСТЬ ТЕЛА;СРЕДОСТЕНИЕ
ЧАСТЬ ТЕЛА;УШКО
ЧАСТЬ ТЕЛА;ЧЕЛО
ЧАСТЬ ТЕЛА;ПОДЛОЖЕЧКА
ЧАСТЬ ТЕЛА;СРАКА
ЧАСТЬ ТЕЛА;ГРЕБЕШОК
ЧАСТЬ ТЕЛА;ЕБЛО
ЧАСТЬ ТЕЛА;ТИТЬКА
ЧАСТЬ ТЕЛА;ЕБАЛЬНИК
ЧАСТЬ ТЕЛА;ЛЯДВЕЯ
ЧАСТЬ ТЕЛА;ЧРЕСЛА
ЧАСТЬ ТЕЛА;ДОЛОНЬ
ЧАСТЬ ТЕЛА;ЕЛДА
ЧАСТЬ ТЕЛА;ОШИБ
ЧАСТЬ ТЕЛА;ЛАДОША
ЧАСТЬ ТЕЛА;ПИЗДЮШКА
ЧАСТЬ ТЕЛА;ЛЫТКА
ЧАСТЬ ТЕЛА;ПИЗДЮЛИНА
ЧАСТЬ ТЕЛА;АКРОН
ЧАСТЬ ТЕЛА;ПАПИРОС
ЧАСТЬ ТЕЛА;МЫСЛИ
ЧАСТЬ ТЕЛА;ПИЗДИЩА
ЧАСТЬ ТЕЛА;ВЕРЗОХА
ЧАСТЬ ТЕЛА;ХУЁЧЕК
ЧАСТЬ ТЕЛА;ХУИНА
ЧАСТЬ ТЕЛА;СИСЕЧКА
ЧАСТЬ ТЕЛА;ТИТЕЧКА
ЧАСТЬ ТЕЛА;ПИЗДЁНКА
ЧАСТЬ ТЕЛА;ХУЯКА
ЧАСТЬ ТЕЛА;ЗАБАБАХА
ЧАСТЬ ТЕЛА;ПОЛУЖОПИЕ
ЧАСТЬ ТЕЛА;ХУИЛЬНИК
ЧАСТЬ ТЕЛА;ШАХНА
ЧАСТЬ ТЕЛА;ПИПИСКА
ЧАСТЬ ТЕЛА;ХУИЛИЩЕ
ЧАСТЬ ТЕЛА;ЁБАЛДЫ
ЧАСТЬ ТЕЛА;ПОДТАЛКИВАТЕЛЬ
ЧАСТЬ ТЕЛА;ЖОПУШКА
ЧАСТЬ ТЕЛА;КУКАРЕКА
ЧАСТЬ ТЕЛА;ОРУДЬЯ
ЧАСТЬ ТЕЛА;ЛИНГ
ЧАСТЬ ТЕЛА;ЛЕЧИЛКА
ЧАСТЬ ТЕЛА;ШЕВЕЛИЛКА
ЧАСТЬ ТЕЛА;ХАРИЩА
ЧАСТЬ ТЕЛА;ЕБЛИНА
ЧАСТЬ ТЕЛА;ЕБУШАТНЯ
ЧАСТЬ ТЕЛА;ЁБЛЫШКО
ЧАСТЬ ТЕЛА;БЕЗРАЗМЕРНАЯ
ЧАСТЬ ТЕЛА;ОКАЯННАЯ
ЧАСТЬ ТЕЛА;ХЛЕБОДОБЫВАЛКА
ЧАСТЬ ТЕЛА;ПИЗДЁШЕЧКА
ЧАСТЬ ТЕЛА;ЕЛДУШКА
ЧАСТЬ ТЕЛА;ПОЛПИЗДЫ
ЧАСТЬ ТЕЛА;ПОЛХУЯ
ЧАСТЬ ТЕЛА;УЗКАЯ
ЧАСТЬ ТЕЛА;ПИЗДАК
ЧАСТЬ ТЕЛА;ГРЫЗЕВО
ЧАСТЬ ТЕЛА;ЕБЛЕТЕНЬ
ЧАСТЬ ТЕЛА;ЁБЫЧ
ЧАСТЬ ТЕЛА;РЫЛЬНИК
ЧАСТЬ ТЕЛА;ЯЙКИ
ЧАСТЬ ТЕЛА;ЕБОСОС
ЧАСТЬ ТЕЛА;ЛИЧИЩЕ
ЧАСТЬ ТЕЛА;СТРЕЛ
ЧАСТЬ ТЕЛА;ХУИШЕЧКО
ЧАСТЬ ТЕЛА;ЯЙЧОНОЧКИ
ЧАСТЬ ТЕЛА;КОКОСЫ
ЧАСТЬ ТЕЛА;МОРДАСОВО
ЧЕРТА ХАРАКТЕРА;ГЛУХОТА
ЧЕРТА ХАРАКТЕРА;ДОБРОДУШИЕ
ЧЕРТА ХАРАКТЕРА;РЕШИМОСТЬ
ЧЕРТА ХАРАКТЕРА;ТЕРПЕНИЕ
ЧЕРТА ХАРАКТЕРА;НАСТЫРНОСТЬ
ЧЕРТА ХАРАКТЕРА;МИЛОСЕРДИЕ
ЧЕРТА ХАРАКТЕРА;СНИСХОЖДЕНИЕ
ЧЕРТА ХАРАКТЕРА;ЧИСТОПЛОТНЫЙ
ЧЕРТА ХАРАКТЕРА;ЖАЛОСТНОСТЬ
ЧЛЕН ПРЕДЛОЖЕНИЯ;ОБСТОЯТЕЛЬСТВО
ЧЛЕН ПРЕДЛОЖЕНИЯ;ДОПОЛНЕНИЕ
ЧЛЕН ПРЕДЛОЖЕНИЯ;ПРЕДИКАТ
ЧЛЕН ПРЕДЛОЖЕНИЯ;ПОДЛЕЖАЩЕЕ
ЧЛЕН ПРЕДЛОЖЕНИЯ;СКАЗУЕМОЕ
ШКОЛЬНЫЙ ПРЕДМЕТ;МАТЕМАТИКА
ШКОЛЬНЫЙ ПРЕДМЕТ;ФИЗИКА
ШКОЛЬНЫЙ ПРЕДМЕТ;МХК
ШКОЛЬНЫЙ ПРЕДМЕТ;МАТЕША
ЭЛЕКТРОННЫЙ КОМПОНЕНТ;ЁМКОСТЬ
ЭЛЕКТРОННЫЙ КОМПОНЕНТ;КВАРЦ
ЭЛЕКТРОННЫЙ КОМПОНЕНТ;ДРОССЕЛЬ
ЭЛЕКТРОННЫЙ КОМПОНЕНТ;ЧИП
ЭЛЕМЕНТАРНАЯ ЧАСТИЦА;НЕЙТРОН
ЭЛЕМЕНТАРНАЯ ЧАСТИЦА;АНТИЭЛЕКТРОН
ЭЛЕМЕНТАРНАЯ ЧАСТИЦА;ГРАВИТОН
ЭЛЕМЕНТАРНАЯ ЧАСТИЦА;КВАРК
ЭЛЕМЕНТАРНАЯ ЧАСТИЦА;МЮОН
ЭЛЕМЕНТАРНАЯ ЧАСТИЦА;ПРЕОН
ЭЛЕМЕНТАРНАЯ ЧАСТИЦА;ГЛЮОН
ЭНДОКРИННАЯ ЖЕЛЕЗА;ЯИЧКО
ЭНДОКРИННАЯ ЖЕЛЕЗА;БУБЕНЧИК
ЭНДОКРИННАЯ ЖЕЛЕЗА;ГИПОФИЗ
ЭНДОКРИННАЯ ЖЕЛЕЗА;НАДПОЧЕЧНИК
ЭНДОКРИННАЯ ЖЕЛЕЗА;ТИМУС
ЮРИДИЧЕСКОЕ ЛИЦО;ФИРМА
ЮРИДИЧЕСКОЕ ЛИЦО;ТОВАРИЩЕСТВО
ЮРИДИЧЕСКОЕ ЛИЦО;АВИАПРЕДПРИЯТИЕ
ЮРИДИЧЕСКОЕ ЛИЦО;АНДЕРРАЙТЕР
ЮРИДИЧЕСКОЕ ЛИЦО;ЛИЦЕНЗИАТ
ЮРИДИЧЕСКОЕ ЛИЦО;ЦЕДЕНТ
ЮРИДИЧЕСКОЕ ЛИЦО;ЦЕССИОНАРИЙ
ЮРИДИЧЕСКОЕ ЛИЦО;РЕПОЗИТАРИЙ
ЯЗЫК ПРОГРАММИРОВАНИЯ;СИ
ЯЗЫК ПРОГРАММИРОВАНИЯ;АДА
ЯЗЫК ПРОГРАММИРОВАНИЯ;АЛГОЛ
ЯЗЫК ПРОГРАММИРОВАНИЯ;АВТОКОД
ЯЗЫК ПРОГРАММИРОВАНИЯ;ПАСКАЛЬ
